-- SQL Setup for Call Center Application (Clean Installation)
-- Database name: createso_datosVPS
-- Table Prefix: biartet_

CREATE TABLE IF NOT EXISTS `biartet_grupos` (
  `id` INT AUTO_INCREMENT PRIMARY KEY,
  `nombre` VARCHAR(100) NOT NULL,
  `fecha_creacion` DATETIME NOT NULL
) ENGINE=InnoDB DEFAULT CHARSET=utf8mb4 COLLATE=utf8mb4_unicode_ci;

CREATE TABLE IF NOT EXISTS `biartet_users` (
  `id` INT AUTO_INCREMENT PRIMARY KEY,
  `username` VARCHAR(100) NOT NULL UNIQUE,
  `password` VARCHAR(255) NOT NULL,
  `is_admin` TINYINT(1) DEFAULT 0,
  `nombre_completo` VARCHAR(255) NULL,
  `usuario_dialview` VARCHAR(100) NULL,
  `contrasena_dialview` VARCHAR(255) NULL,
  `fecha_eliminacion` DATETIME NULL,
  `grupo_id` INT NULL,
  `fecha_creacion` DATETIME NOT NULL,
  `fecha_actualizacion` DATETIME NOT NULL,
  FOREIGN KEY (`grupo_id`) REFERENCES `biartet_grupos`(`id`) ON DELETE SET NULL
) ENGINE=InnoDB DEFAULT CHARSET=utf8mb4 COLLATE=utf8mb4_unicode_ci;

CREATE TABLE IF NOT EXISTS `biartet_productos` (
  `id` INT AUTO_INCREMENT PRIMARY KEY,
  `nombre` VARCHAR(255) NOT NULL,
  `descripcion` TEXT,
  `imagen` VARCHAR(255) NULL,
  `precio_moneda_local` DECIMAL(10,2) NOT NULL DEFAULT 0.00,
  `usuario_id` INT NULL,
  `grupo_id` INT NULL,
  `fecha_creacion` DATETIME NOT NULL,
  `fecha_actualizacion` DATETIME NOT NULL,
  FOREIGN KEY (`usuario_id`) REFERENCES `biartet_users`(`id`) ON DELETE CASCADE,
  FOREIGN KEY (`grupo_id`) REFERENCES `biartet_grupos`(`id`) ON DELETE SET NULL
) ENGINE=InnoDB DEFAULT CHARSET=utf8mb4 COLLATE=utf8mb4_unicode_ci;

CREATE TABLE IF NOT EXISTS `biartet_campanas` (
  `id` INT AUTO_INCREMENT PRIMARY KEY,
  `nombre` VARCHAR(255) NOT NULL,
  `charla_saludo` VARCHAR(2000) NOT NULL,
  `charla_desarrollo` TEXT NOT NULL,
  `charla_cierre` TEXT NOT NULL,
  `estado` TINYINT DEFAULT 1,
  `usuario_id` INT NULL,
  `grupo_id` INT NULL,
  `fecha_creacion` DATETIME NOT NULL,
  `fecha_actualizacion` DATETIME NOT NULL,
  FOREIGN KEY (`usuario_id`) REFERENCES `biartet_users`(`id`) ON DELETE CASCADE,
  FOREIGN KEY (`grupo_id`) REFERENCES `biartet_grupos`(`id`) ON DELETE SET NULL
) ENGINE=InnoDB DEFAULT CHARSET=utf8mb4 COLLATE=utf8mb4_unicode_ci;

CREATE TABLE IF NOT EXISTS `biartet_campana_items` (
  `id` INT AUTO_INCREMENT PRIMARY KEY,
  `campana_id` INT NOT NULL,
  `producto_id` INT NOT NULL,
  `nombre_producto` VARCHAR(255) NOT NULL,
  `precio` DECIMAL(10,2) NOT NULL,
  `precio_moneda_local` DECIMAL(10,2) NOT NULL DEFAULT 0.00,
  `comision_venta` DECIMAL(10,2) NOT NULL,
  FOREIGN KEY (`campana_id`) REFERENCES `biartet_campanas`(`id`) ON DELETE CASCADE,
  FOREIGN KEY (`producto_id`) REFERENCES `biartet_productos`(`id`) ON DELETE CASCADE
) ENGINE=InnoDB DEFAULT CHARSET=utf8mb4 COLLATE=utf8mb4_unicode_ci;

CREATE TABLE IF NOT EXISTS `biartet_venezuela_estados` (
  `id` INT AUTO_INCREMENT PRIMARY KEY,
  `nombre` VARCHAR(255) NOT NULL
) ENGINE=InnoDB DEFAULT CHARSET=utf8mb4 COLLATE=utf8mb4_unicode_ci;

CREATE TABLE IF NOT EXISTS `biartet_venezuela_municipios` (
  `id` INT AUTO_INCREMENT PRIMARY KEY,
  `estado_id` INT NOT NULL,
  `nombre` VARCHAR(255) NOT NULL,
  FOREIGN KEY (`estado_id`) REFERENCES `biartet_venezuela_estados`(`id`) ON DELETE CASCADE
) ENGINE=InnoDB DEFAULT CHARSET=utf8mb4 COLLATE=utf8mb4_unicode_ci;

CREATE TABLE IF NOT EXISTS `biartet_venezuela_ciudades` (
  `id` INT AUTO_INCREMENT PRIMARY KEY,
  `municipio_id` INT NOT NULL,
  `nombre` VARCHAR(255) NOT NULL,
  FOREIGN KEY (`municipio_id`) REFERENCES `biartet_venezuela_municipios`(`id`) ON DELETE CASCADE
) ENGINE=InnoDB DEFAULT CHARSET=utf8mb4 COLLATE=utf8mb4_unicode_ci;

CREATE TABLE IF NOT EXISTS `biartet_clientes` (
  `id` INT AUTO_INCREMENT PRIMARY KEY,
  `identificador_unico` VARCHAR(50) NOT NULL UNIQUE,
  `telefono` VARCHAR(50) NOT NULL,
  `nombre` VARCHAR(255) NOT NULL,
  `direccion` TEXT NOT NULL,
  `estado_id` INT NULL,
  `municipio_id` INT NULL,
  `ciudad_id` INT NULL,
  `archivo_adjunto` VARCHAR(255) NULL,
  `estado_llamada` VARCHAR(100) NOT NULL,
  `observacion` TEXT,
  `lapso_tiempo` VARCHAR(50) DEFAULT NULL,
  `lapso_dias` VARCHAR(50) DEFAULT NULL,
  `estado` TINYINT(1) NOT NULL DEFAULT 1,
  `fecha_creacion` DATETIME NOT NULL,
  `fecha_actualizacion` DATETIME NOT NULL,
  `posponer_hasta` DATETIME NULL,
  `campana_id` INT NULL,
  `campana_item_id` INT NULL,
  `cantidad_items` INT DEFAULT 1,
  `comision_aplicada` DECIMAL(10,2) DEFAULT 0.00,
  `premio_aplicado` DECIMAL(10,2) DEFAULT 0.00,
  `precio_aplicado` DECIMAL(10,2) DEFAULT 0.00,
  `vendedor_id` INT NULL,
  FOREIGN KEY (`vendedor_id`) REFERENCES `biartet_users`(`id`) ON DELETE SET NULL,
  FOREIGN KEY (`campana_id`) REFERENCES `biartet_campanas`(`id`) ON DELETE SET NULL,
  FOREIGN KEY (`campana_item_id`) REFERENCES `biartet_campana_items`(`id`) ON DELETE SET NULL
) ENGINE=InnoDB DEFAULT CHARSET=utf8mb4 COLLATE=utf8mb4_unicode_ci;

CREATE TABLE IF NOT EXISTS `biartet_pedido` (
  `id` INT AUTO_INCREMENT PRIMARY KEY,
  `cliente` VARCHAR(255) NOT NULL,
  `telefono` VARCHAR(50) NOT NULL,
  `producto` VARCHAR(255) NOT NULL,
  `precio` VARCHAR(100) NOT NULL,
  `direccion` TEXT NOT NULL,
  `pago` VARCHAR(255) NOT NULL,
  `fecha` DATETIME NOT NULL,
  `nota` TEXT NOT NULL,
  `fecha_creacion` DATETIME NOT NULL
) ENGINE=InnoDB DEFAULT CHARSET=utf8mb4 COLLATE=utf8mb4_unicode_ci;

CREATE TABLE IF NOT EXISTS `biartet_premios_diarios` (
  `id` INT AUTO_INCREMENT PRIMARY KEY,
  `fecha` DATE NOT NULL,
  `campana_item_id` INT NOT NULL,
  `premio_extra` DECIMAL(10,2) NOT NULL DEFAULT 0.00,
  `grupo_id` INT NULL,
  UNIQUE KEY `idx_fecha_item_grupo` (`fecha`, `campana_item_id`, `grupo_id`),
  FOREIGN KEY (`campana_item_id`) REFERENCES `biartet_campana_items`(`id`) ON DELETE CASCADE,
  FOREIGN KEY (`grupo_id`) REFERENCES `biartet_grupos`(`id`) ON DELETE CASCADE
) ENGINE=InnoDB DEFAULT CHARSET=utf8mb4 COLLATE=utf8mb4_unicode_ci;

CREATE TABLE IF NOT EXISTS `biartet_metas_diarias` (
  `id` INT AUTO_INCREMENT PRIMARY KEY,
  `fecha` DATE NOT NULL,
  `vendedor_id` INT NOT NULL,
  `cantidad_meta` INT NOT NULL DEFAULT 0,
  UNIQUE KEY `fecha_vendedor_unique` (`fecha`, `vendedor_id`),
  FOREIGN KEY (`vendedor_id`) REFERENCES `biartet_users`(`id`) ON DELETE CASCADE
) ENGINE=InnoDB DEFAULT CHARSET=utf8mb4 COLLATE=utf8mb4_unicode_ci;

CREATE TABLE IF NOT EXISTS `biartet_logs` (
  `id` INT AUTO_INCREMENT PRIMARY KEY,
  `fecha_hora` DATETIME NOT NULL,
  `usuario` VARCHAR(100) NOT NULL,
  `accion` TEXT NOT NULL
) ENGINE=InnoDB DEFAULT CHARSET=utf8mb4 COLLATE=utf8mb4_unicode_ci;

CREATE TABLE IF NOT EXISTS `biartet_memorandums` (
  `id` INT AUTO_INCREMENT PRIMARY KEY,
  `titulo` VARCHAR(255) NOT NULL,
  `contenido` TEXT NOT NULL,
  `imagen` VARCHAR(255) NULL,
  `fecha_creacion` DATETIME NOT NULL
) ENGINE=InnoDB DEFAULT CHARSET=utf8mb4 COLLATE=utf8mb4_unicode_ci;

-- Default Users Setup
INSERT INTO `biartet_users` (`username`, `password`, `is_admin`, `nombre_completo`, `usuario_dialview`, `contrasena_dialview`, `fecha_creacion`, `fecha_actualizacion`)
SELECT 'frank@gmail.com', '9bb9e6cd4093959b3bb8719f96bcf2fa09951662', 1, 'Frank Administrador', 'frank_dialview', '584126317284', NOW(), NOW()
FROM dual WHERE NOT EXISTS (SELECT 1 FROM `biartet_users` WHERE `username` = 'frank@gmail.com');

INSERT INTO `biartet_users` (`username`, `password`, `is_admin`, `nombre_completo`, `usuario_dialview`, `contrasena_dialview`, `fecha_creacion`, `fecha_actualizacion`)
SELECT 'jvczxc2021@gmail.com', '031b80c23a8c4d2a095f84acf64824535a12eb48', 0, 'Usuario Vendedor', 'jvczxc2021_dv', 'jvczxc2021', NOW(), NOW()
FROM dual WHERE NOT EXISTS (SELECT 1 FROM `biartet_users` WHERE `username` = 'jvczxc2021@gmail.com');

-- Populate Venezuelan Geography Data
-- SQL Script of Venezuela states, municipalities, and cities
-- Generated based on zokeber/venezuela-json and migration.php logic
INSERT INTO `biartet_clientes` (`id`, `identificador_unico`, `telefono`, `nombre`, `direccion`, `estado_id`, `municipio_id`, `ciudad_id`, `archivo_adjunto`, `estado_llamada`, `observacion`, `lapso_tiempo`, `lapso_dias`, `estado`, `fecha_creacion`, `fecha_actualizacion`) VALUES ('1', 'CLI-E6DFAC40', '04166920902', 'RICHER MATA', 'MONAGAS, MATURIN, AVENIDA JUNCAL, FRENTE A EXTREME NEGOCIO DE REPRODUCTOS DE VEHICULOS, EDIFICIO SAL', NULL, NULL, NULL, NULL, 'Pendiente', 'Llamar en 2 horas va envía conduciendo', '2 horas', '', '1', '2026-06-23 17:42:29', '2026-06-23 17:42:29');
INSERT INTO `biartet_clientes` (`id`, `identificador_unico`, `telefono`, `nombre`, `direccion`, `estado_id`, `municipio_id`, `ciudad_id`, `archivo_adjunto`, `estado_llamada`, `observacion`, `lapso_tiempo`, `lapso_dias`, `estado`, `fecha_creacion`, `fecha_actualizacion`) VALUES ('2', 'CLI-923A65EC', '04120942680', 'TOVAR FRANCISCO', 'YARACUY, SAN FELIPE, BARRIO LAS MADRES CALLE 7 AVENIDA 2 CERCA AL FARMATODO- LLAMAR, BARRIO LAS MADR', NULL, NULL, NULL, NULL, 'Pendiente', 'Estaba en el Banco llamar en media hora son las 2:58  PM', '1 hora', '', '1', '2026-06-23 18:59:17', '2026-06-23 18:59:17');
INSERT INTO `biartet_clientes` (`id`, `identificador_unico`, `telefono`, `nombre`, `direccion`, `estado_id`, `municipio_id`, `ciudad_id`, `archivo_adjunto`, `estado_llamada`, `observacion`, `lapso_tiempo`, `lapso_dias`, `estado`, `fecha_creacion`, `fecha_actualizacion`) VALUES ('3', 'CLI-FA66FB08', '04245017872', 'OFELIA OLIVEROS', 'BARINAS, BARINAS, URBANIZACION DOMINGA ORTIZ DE PAEZ CALLE 1 SECTOR 6 A 2 CUADRAS DE LA IGLESIA LA M', NULL, NULL, NULL, NULL, 'Pendiente', 'Estaba en reunion', '1 hora', '', '1', '2026-06-23 20:20:13', '2026-06-23 20:20:13');
INSERT INTO `biartet_clientes` (`id`, `identificador_unico`, `telefono`, `nombre`, `direccion`, `estado_id`, `municipio_id`, `ciudad_id`, `archivo_adjunto`, `estado_llamada`, `observacion`, `lapso_tiempo`, `lapso_dias`, `estado`, `fecha_creacion`, `fecha_actualizacion`) VALUES ('4', 'CLI-8C8BFC6A', '04125130804', 'HILICIA FLORES', 'DISTRITO CAPITAL, CARACAS, CENTRO MEDICO SAN BERNANDINO AV SOROCAIMA HAY UNA BODEGA CON NOMBRE MICON', NULL, NULL, NULL, NULL, 'Pendiente', '', '', '7 dias', '1', '2026-06-23 21:39:35', '2026-06-23 21:39:35');

-- 1. Populating biartet_venezuela_estados
INSERT INTO `biartet_venezuela_estados` (`id`, `nombre`) VALUES (1, 'Amazonas');
INSERT INTO `biartet_venezuela_estados` (`id`, `nombre`) VALUES (2, 'Anzoátegui');
INSERT INTO `biartet_venezuela_estados` (`id`, `nombre`) VALUES (3, 'Apure');
INSERT INTO `biartet_venezuela_estados` (`id`, `nombre`) VALUES (4, 'Aragua');
INSERT INTO `biartet_venezuela_estados` (`id`, `nombre`) VALUES (5, 'Barinas');
INSERT INTO `biartet_venezuela_estados` (`id`, `nombre`) VALUES (6, 'Bolívar');
INSERT INTO `biartet_venezuela_estados` (`id`, `nombre`) VALUES (7, 'Carabobo');
INSERT INTO `biartet_venezuela_estados` (`id`, `nombre`) VALUES (8, 'Cojedes');
INSERT INTO `biartet_venezuela_estados` (`id`, `nombre`) VALUES (9, 'Delta Amacuro');
INSERT INTO `biartet_venezuela_estados` (`id`, `nombre`) VALUES (10, 'Falcón');
INSERT INTO `biartet_venezuela_estados` (`id`, `nombre`) VALUES (11, 'Guárico');
INSERT INTO `biartet_venezuela_estados` (`id`, `nombre`) VALUES (12, 'Lara');
INSERT INTO `biartet_venezuela_estados` (`id`, `nombre`) VALUES (13, 'Mérida');
INSERT INTO `biartet_venezuela_estados` (`id`, `nombre`) VALUES (14, 'Miranda');
INSERT INTO `biartet_venezuela_estados` (`id`, `nombre`) VALUES (15, 'Monagas');
INSERT INTO `biartet_venezuela_estados` (`id`, `nombre`) VALUES (16, 'Nueva Esparta');
INSERT INTO `biartet_venezuela_estados` (`id`, `nombre`) VALUES (17, 'Portuguesa');
INSERT INTO `biartet_venezuela_estados` (`id`, `nombre`) VALUES (18, 'Sucre');
INSERT INTO `biartet_venezuela_estados` (`id`, `nombre`) VALUES (19, 'Táchira');
INSERT INTO `biartet_venezuela_estados` (`id`, `nombre`) VALUES (20, 'Trujillo');
INSERT INTO `biartet_venezuela_estados` (`id`, `nombre`) VALUES (21, 'Vargas');
INSERT INTO `biartet_venezuela_estados` (`id`, `nombre`) VALUES (22, 'Yaracuy');
INSERT INTO `biartet_venezuela_estados` (`id`, `nombre`) VALUES (23, 'Zulia');
INSERT INTO `biartet_venezuela_estados` (`id`, `nombre`) VALUES (24, 'Distrito Capital');

-- 2. Populating biartet_venezuela_municipios and biartet_venezuela_ciudades
INSERT INTO `biartet_venezuela_municipios` (`id`, `estado_id`, `nombre`) VALUES (1, 1, 'Alto Orinoco');
INSERT INTO `biartet_venezuela_ciudades` (`id`, `municipio_id`, `nombre`) VALUES (1, 1, 'La Esmeralda');
INSERT INTO `biartet_venezuela_ciudades` (`id`, `municipio_id`, `nombre`) VALUES (2, 1, 'Alto Orinoco La Esmeralda');
INSERT INTO `biartet_venezuela_ciudades` (`id`, `municipio_id`, `nombre`) VALUES (3, 1, 'Huachamacare Acanaña');
INSERT INTO `biartet_venezuela_ciudades` (`id`, `municipio_id`, `nombre`) VALUES (4, 1, 'Marawaka Toky Shamanaña');
INSERT INTO `biartet_venezuela_ciudades` (`id`, `municipio_id`, `nombre`) VALUES (5, 1, 'Mavaka Mavaka');
INSERT INTO `biartet_venezuela_ciudades` (`id`, `municipio_id`, `nombre`) VALUES (6, 1, 'Sierra Parima Parimabé');
INSERT INTO `biartet_venezuela_municipios` (`id`, `estado_id`, `nombre`) VALUES (2, 1, 'Atabapo');
INSERT INTO `biartet_venezuela_ciudades` (`id`, `municipio_id`, `nombre`) VALUES (7, 2, 'San Fernando de Atabapo');
INSERT INTO `biartet_venezuela_ciudades` (`id`, `municipio_id`, `nombre`) VALUES (8, 2, 'Ucata Laja Lisa');
INSERT INTO `biartet_venezuela_ciudades` (`id`, `municipio_id`, `nombre`) VALUES (9, 2, 'Yapacana Macuruco');
INSERT INTO `biartet_venezuela_ciudades` (`id`, `municipio_id`, `nombre`) VALUES (10, 2, 'Caname Guarinuma');
INSERT INTO `biartet_venezuela_municipios` (`id`, `estado_id`, `nombre`) VALUES (3, 1, 'Atures');
INSERT INTO `biartet_venezuela_ciudades` (`id`, `municipio_id`, `nombre`) VALUES (11, 3, 'Puerto Ayacucho');
INSERT INTO `biartet_venezuela_ciudades` (`id`, `municipio_id`, `nombre`) VALUES (12, 3, 'Fernando Girón Tovar');
INSERT INTO `biartet_venezuela_ciudades` (`id`, `municipio_id`, `nombre`) VALUES (13, 3, 'Luis Alberto Gómez');
INSERT INTO `biartet_venezuela_ciudades` (`id`, `municipio_id`, `nombre`) VALUES (14, 3, 'Pahueña Limón de Parhueña');
INSERT INTO `biartet_venezuela_ciudades` (`id`, `municipio_id`, `nombre`) VALUES (15, 3, 'Platanillal Platanillal');
INSERT INTO `biartet_venezuela_municipios` (`id`, `estado_id`, `nombre`) VALUES (4, 1, 'Autana');
INSERT INTO `biartet_venezuela_ciudades` (`id`, `municipio_id`, `nombre`) VALUES (16, 4, 'Isla Ratón');
INSERT INTO `biartet_venezuela_ciudades` (`id`, `municipio_id`, `nombre`) VALUES (17, 4, 'Samariapo Samariapo');
INSERT INTO `biartet_venezuela_ciudades` (`id`, `municipio_id`, `nombre`) VALUES (18, 4, 'Sipapo Pendare');
INSERT INTO `biartet_venezuela_ciudades` (`id`, `municipio_id`, `nombre`) VALUES (19, 4, 'Munduapo Munduapo');
INSERT INTO `biartet_venezuela_ciudades` (`id`, `municipio_id`, `nombre`) VALUES (20, 4, 'Guayapo San Pedro del Orinoco');
INSERT INTO `biartet_venezuela_municipios` (`id`, `estado_id`, `nombre`) VALUES (5, 1, 'Manapiare');
INSERT INTO `biartet_venezuela_ciudades` (`id`, `municipio_id`, `nombre`) VALUES (21, 5, 'San Juan de Manapiare');
INSERT INTO `biartet_venezuela_ciudades` (`id`, `municipio_id`, `nombre`) VALUES (22, 5, 'Alto Ventuari Cacurí');
INSERT INTO `biartet_venezuela_ciudades` (`id`, `municipio_id`, `nombre`) VALUES (23, 5, 'Medio Ventuari Manami');
INSERT INTO `biartet_venezuela_ciudades` (`id`, `municipio_id`, `nombre`) VALUES (24, 5, 'Bajo Ventuari Marueta');
INSERT INTO `biartet_venezuela_municipios` (`id`, `estado_id`, `nombre`) VALUES (6, 1, 'Maroa');
INSERT INTO `biartet_venezuela_ciudades` (`id`, `municipio_id`, `nombre`) VALUES (25, 6, 'Maroa');
INSERT INTO `biartet_venezuela_ciudades` (`id`, `municipio_id`, `nombre`) VALUES (26, 6, 'Victorino');
INSERT INTO `biartet_venezuela_ciudades` (`id`, `municipio_id`, `nombre`) VALUES (27, 6, 'Comunidad');
INSERT INTO `biartet_venezuela_municipios` (`id`, `estado_id`, `nombre`) VALUES (7, 1, 'Río Negro');
INSERT INTO `biartet_venezuela_ciudades` (`id`, `municipio_id`, `nombre`) VALUES (28, 7, 'San Carlos de Río Negro');
INSERT INTO `biartet_venezuela_ciudades` (`id`, `municipio_id`, `nombre`) VALUES (29, 7, 'Casiquiare Curimacare');
INSERT INTO `biartet_venezuela_ciudades` (`id`, `municipio_id`, `nombre`) VALUES (30, 7, 'Cocuy');
INSERT INTO `biartet_venezuela_ciudades` (`id`, `municipio_id`, `nombre`) VALUES (31, 7, 'Solano Solano');
INSERT INTO `biartet_venezuela_municipios` (`id`, `estado_id`, `nombre`) VALUES (8, 2, 'Anaco');
INSERT INTO `biartet_venezuela_ciudades` (`id`, `municipio_id`, `nombre`) VALUES (32, 8, 'Anaco');
INSERT INTO `biartet_venezuela_ciudades` (`id`, `municipio_id`, `nombre`) VALUES (33, 8, 'San Joaquín');
INSERT INTO `biartet_venezuela_municipios` (`id`, `estado_id`, `nombre`) VALUES (9, 2, 'Aragua');
INSERT INTO `biartet_venezuela_ciudades` (`id`, `municipio_id`, `nombre`) VALUES (34, 9, 'Aragua de Barcelona');
INSERT INTO `biartet_venezuela_ciudades` (`id`, `municipio_id`, `nombre`) VALUES (35, 9, 'Cachipo');
INSERT INTO `biartet_venezuela_municipios` (`id`, `estado_id`, `nombre`) VALUES (10, 2, 'Bolívar');
INSERT INTO `biartet_venezuela_ciudades` (`id`, `municipio_id`, `nombre`) VALUES (36, 10, 'Barcelona');
INSERT INTO `biartet_venezuela_ciudades` (`id`, `municipio_id`, `nombre`) VALUES (37, 10, 'Bergatín');
INSERT INTO `biartet_venezuela_ciudades` (`id`, `municipio_id`, `nombre`) VALUES (38, 10, 'Caigua');
INSERT INTO `biartet_venezuela_ciudades` (`id`, `municipio_id`, `nombre`) VALUES (39, 10, 'El Carmen.');
INSERT INTO `biartet_venezuela_ciudades` (`id`, `municipio_id`, `nombre`) VALUES (40, 10, 'El Pilar');
INSERT INTO `biartet_venezuela_ciudades` (`id`, `municipio_id`, `nombre`) VALUES (41, 10, 'Naricual.');
INSERT INTO `biartet_venezuela_ciudades` (`id`, `municipio_id`, `nombre`) VALUES (42, 10, 'San Cristóbal');
INSERT INTO `biartet_venezuela_municipios` (`id`, `estado_id`, `nombre`) VALUES (11, 2, 'Bruzual');
INSERT INTO `biartet_venezuela_ciudades` (`id`, `municipio_id`, `nombre`) VALUES (43, 11, 'Clarines');
INSERT INTO `biartet_venezuela_ciudades` (`id`, `municipio_id`, `nombre`) VALUES (44, 11, 'Guanape');
INSERT INTO `biartet_venezuela_ciudades` (`id`, `municipio_id`, `nombre`) VALUES (45, 11, 'Sabana de Uchire');
INSERT INTO `biartet_venezuela_municipios` (`id`, `estado_id`, `nombre`) VALUES (12, 2, 'Cajigal');
INSERT INTO `biartet_venezuela_ciudades` (`id`, `municipio_id`, `nombre`) VALUES (46, 12, 'Onoto');
INSERT INTO `biartet_venezuela_ciudades` (`id`, `municipio_id`, `nombre`) VALUES (47, 12, 'San Pablo');
INSERT INTO `biartet_venezuela_municipios` (`id`, `estado_id`, `nombre`) VALUES (13, 2, 'Carvajal');
INSERT INTO `biartet_venezuela_ciudades` (`id`, `municipio_id`, `nombre`) VALUES (48, 13, 'Valle de Guanape');
INSERT INTO `biartet_venezuela_ciudades` (`id`, `municipio_id`, `nombre`) VALUES (49, 13, 'Santa Bárbara');
INSERT INTO `biartet_venezuela_municipios` (`id`, `estado_id`, `nombre`) VALUES (14, 2, 'Diego Bautista Urbaneja');
INSERT INTO `biartet_venezuela_ciudades` (`id`, `municipio_id`, `nombre`) VALUES (50, 14, 'Lechería');
INSERT INTO `biartet_venezuela_ciudades` (`id`, `municipio_id`, `nombre`) VALUES (51, 14, 'El Morro');
INSERT INTO `biartet_venezuela_municipios` (`id`, `estado_id`, `nombre`) VALUES (15, 2, 'Freites');
INSERT INTO `biartet_venezuela_ciudades` (`id`, `municipio_id`, `nombre`) VALUES (52, 15, 'Cantaura');
INSERT INTO `biartet_venezuela_ciudades` (`id`, `municipio_id`, `nombre`) VALUES (53, 15, 'Libertador');
INSERT INTO `biartet_venezuela_ciudades` (`id`, `municipio_id`, `nombre`) VALUES (54, 15, 'Santa Rosa');
INSERT INTO `biartet_venezuela_ciudades` (`id`, `municipio_id`, `nombre`) VALUES (55, 15, 'Urica');
INSERT INTO `biartet_venezuela_municipios` (`id`, `estado_id`, `nombre`) VALUES (16, 2, 'Guanipa');
INSERT INTO `biartet_venezuela_ciudades` (`id`, `municipio_id`, `nombre`) VALUES (56, 16, 'San José de Guanipa');
INSERT INTO `biartet_venezuela_municipios` (`id`, `estado_id`, `nombre`) VALUES (17, 2, 'Guanta');
INSERT INTO `biartet_venezuela_ciudades` (`id`, `municipio_id`, `nombre`) VALUES (57, 17, 'Guanta');
INSERT INTO `biartet_venezuela_ciudades` (`id`, `municipio_id`, `nombre`) VALUES (58, 17, 'Chorrerón');
INSERT INTO `biartet_venezuela_municipios` (`id`, `estado_id`, `nombre`) VALUES (18, 2, 'Independencia');
INSERT INTO `biartet_venezuela_ciudades` (`id`, `municipio_id`, `nombre`) VALUES (59, 18, 'Soledad');
INSERT INTO `biartet_venezuela_ciudades` (`id`, `municipio_id`, `nombre`) VALUES (60, 18, 'Mamo');
INSERT INTO `biartet_venezuela_municipios` (`id`, `estado_id`, `nombre`) VALUES (19, 2, 'Libertad');
INSERT INTO `biartet_venezuela_ciudades` (`id`, `municipio_id`, `nombre`) VALUES (61, 19, 'San Mateo');
INSERT INTO `biartet_venezuela_ciudades` (`id`, `municipio_id`, `nombre`) VALUES (62, 19, 'El Carito');
INSERT INTO `biartet_venezuela_ciudades` (`id`, `municipio_id`, `nombre`) VALUES (63, 19, 'Santa Inés');
INSERT INTO `biartet_venezuela_ciudades` (`id`, `municipio_id`, `nombre`) VALUES (64, 19, 'La Romereña');
INSERT INTO `biartet_venezuela_municipios` (`id`, `estado_id`, `nombre`) VALUES (20, 2, 'McGregor');
INSERT INTO `biartet_venezuela_ciudades` (`id`, `municipio_id`, `nombre`) VALUES (65, 20, 'El Chaparro');
INSERT INTO `biartet_venezuela_ciudades` (`id`, `municipio_id`, `nombre`) VALUES (66, 20, 'Tomás Alfaro');
INSERT INTO `biartet_venezuela_ciudades` (`id`, `municipio_id`, `nombre`) VALUES (67, 20, 'Calatrava');
INSERT INTO `biartet_venezuela_municipios` (`id`, `estado_id`, `nombre`) VALUES (21, 2, 'Miranda');
INSERT INTO `biartet_venezuela_ciudades` (`id`, `municipio_id`, `nombre`) VALUES (68, 21, 'Pariaguán');
INSERT INTO `biartet_venezuela_ciudades` (`id`, `municipio_id`, `nombre`) VALUES (69, 21, 'Atapirire');
INSERT INTO `biartet_venezuela_ciudades` (`id`, `municipio_id`, `nombre`) VALUES (70, 21, 'Boca del Pao');
INSERT INTO `biartet_venezuela_ciudades` (`id`, `municipio_id`, `nombre`) VALUES (71, 21, 'El Pao');
INSERT INTO `biartet_venezuela_municipios` (`id`, `estado_id`, `nombre`) VALUES (22, 2, 'Monagas');
INSERT INTO `biartet_venezuela_ciudades` (`id`, `municipio_id`, `nombre`) VALUES (72, 22, 'Mapire');
INSERT INTO `biartet_venezuela_ciudades` (`id`, `municipio_id`, `nombre`) VALUES (73, 22, 'Piar');
INSERT INTO `biartet_venezuela_ciudades` (`id`, `municipio_id`, `nombre`) VALUES (74, 22, 'Santa Clara');
INSERT INTO `biartet_venezuela_ciudades` (`id`, `municipio_id`, `nombre`) VALUES (75, 22, 'San Diego de Cabrutica');
INSERT INTO `biartet_venezuela_ciudades` (`id`, `municipio_id`, `nombre`) VALUES (76, 22, 'Uverito');
INSERT INTO `biartet_venezuela_ciudades` (`id`, `municipio_id`, `nombre`) VALUES (77, 22, 'Zuata');
INSERT INTO `biartet_venezuela_municipios` (`id`, `estado_id`, `nombre`) VALUES (23, 2, 'Peñalver');
INSERT INTO `biartet_venezuela_ciudades` (`id`, `municipio_id`, `nombre`) VALUES (78, 23, 'Puerto Píritu');
INSERT INTO `biartet_venezuela_ciudades` (`id`, `municipio_id`, `nombre`) VALUES (79, 23, 'San Miguel');
INSERT INTO `biartet_venezuela_ciudades` (`id`, `municipio_id`, `nombre`) VALUES (80, 23, 'Sucre');
INSERT INTO `biartet_venezuela_municipios` (`id`, `estado_id`, `nombre`) VALUES (24, 2, 'Píritu');
INSERT INTO `biartet_venezuela_ciudades` (`id`, `municipio_id`, `nombre`) VALUES (81, 24, 'Píritu');
INSERT INTO `biartet_venezuela_ciudades` (`id`, `municipio_id`, `nombre`) VALUES (82, 24, 'San Francisco');
INSERT INTO `biartet_venezuela_municipios` (`id`, `estado_id`, `nombre`) VALUES (25, 2, 'San Juan de Capistrano');
INSERT INTO `biartet_venezuela_ciudades` (`id`, `municipio_id`, `nombre`) VALUES (83, 25, 'Boca de Uchire');
INSERT INTO `biartet_venezuela_ciudades` (`id`, `municipio_id`, `nombre`) VALUES (84, 25, 'Boca de Chávez');
INSERT INTO `biartet_venezuela_municipios` (`id`, `estado_id`, `nombre`) VALUES (26, 2, 'Santa Ana');
INSERT INTO `biartet_venezuela_ciudades` (`id`, `municipio_id`, `nombre`) VALUES (85, 26, 'Santa Ana');
INSERT INTO `biartet_venezuela_ciudades` (`id`, `municipio_id`, `nombre`) VALUES (86, 26, 'Pueblo Nuevo');
INSERT INTO `biartet_venezuela_municipios` (`id`, `estado_id`, `nombre`) VALUES (27, 2, 'Simón Rodríguez');
INSERT INTO `biartet_venezuela_ciudades` (`id`, `municipio_id`, `nombre`) VALUES (87, 27, 'El Tigre');
INSERT INTO `biartet_venezuela_ciudades` (`id`, `municipio_id`, `nombre`) VALUES (88, 27, 'Edmundo Barrios');
INSERT INTO `biartet_venezuela_ciudades` (`id`, `municipio_id`, `nombre`) VALUES (89, 27, 'Miguel Otero Silva');
INSERT INTO `biartet_venezuela_municipios` (`id`, `estado_id`, `nombre`) VALUES (28, 2, 'Sotillo');
INSERT INTO `biartet_venezuela_ciudades` (`id`, `municipio_id`, `nombre`) VALUES (90, 28, 'Puerto La Cruz');
INSERT INTO `biartet_venezuela_ciudades` (`id`, `municipio_id`, `nombre`) VALUES (91, 28, 'Pozuelos');
INSERT INTO `biartet_venezuela_municipios` (`id`, `estado_id`, `nombre`) VALUES (29, 3, 'Achaguas');
INSERT INTO `biartet_venezuela_ciudades` (`id`, `municipio_id`, `nombre`) VALUES (92, 29, 'Achaguas');
INSERT INTO `biartet_venezuela_ciudades` (`id`, `municipio_id`, `nombre`) VALUES (93, 29, 'Apurito');
INSERT INTO `biartet_venezuela_ciudades` (`id`, `municipio_id`, `nombre`) VALUES (94, 29, 'El Yagual');
INSERT INTO `biartet_venezuela_ciudades` (`id`, `municipio_id`, `nombre`) VALUES (95, 29, 'Guachara');
INSERT INTO `biartet_venezuela_ciudades` (`id`, `municipio_id`, `nombre`) VALUES (96, 29, 'Mucuritas');
INSERT INTO `biartet_venezuela_ciudades` (`id`, `municipio_id`, `nombre`) VALUES (97, 29, 'Queseras del medio');
INSERT INTO `biartet_venezuela_municipios` (`id`, `estado_id`, `nombre`) VALUES (30, 3, 'Biruaca');
INSERT INTO `biartet_venezuela_ciudades` (`id`, `municipio_id`, `nombre`) VALUES (98, 30, 'Biruaca');
INSERT INTO `biartet_venezuela_municipios` (`id`, `estado_id`, `nombre`) VALUES (31, 3, 'Muñoz');
INSERT INTO `biartet_venezuela_ciudades` (`id`, `municipio_id`, `nombre`) VALUES (99, 31, 'Bruzual');
INSERT INTO `biartet_venezuela_ciudades` (`id`, `municipio_id`, `nombre`) VALUES (100, 31, 'Mantecal');
INSERT INTO `biartet_venezuela_ciudades` (`id`, `municipio_id`, `nombre`) VALUES (101, 31, 'Quintero');
INSERT INTO `biartet_venezuela_ciudades` (`id`, `municipio_id`, `nombre`) VALUES (102, 31, 'Rincón Hondo');
INSERT INTO `biartet_venezuela_ciudades` (`id`, `municipio_id`, `nombre`) VALUES (103, 31, 'San Vicente');
INSERT INTO `biartet_venezuela_municipios` (`id`, `estado_id`, `nombre`) VALUES (32, 3, 'Páez');
INSERT INTO `biartet_venezuela_ciudades` (`id`, `municipio_id`, `nombre`) VALUES (104, 32, 'Guasdualito');
INSERT INTO `biartet_venezuela_ciudades` (`id`, `municipio_id`, `nombre`) VALUES (105, 32, 'Aramendi');
INSERT INTO `biartet_venezuela_ciudades` (`id`, `municipio_id`, `nombre`) VALUES (106, 32, 'El Amparo');
INSERT INTO `biartet_venezuela_ciudades` (`id`, `municipio_id`, `nombre`) VALUES (107, 32, 'San Camilo');
INSERT INTO `biartet_venezuela_ciudades` (`id`, `municipio_id`, `nombre`) VALUES (108, 32, 'Urdaneta');
INSERT INTO `biartet_venezuela_municipios` (`id`, `estado_id`, `nombre`) VALUES (33, 3, 'Pedro Camejo');
INSERT INTO `biartet_venezuela_ciudades` (`id`, `municipio_id`, `nombre`) VALUES (109, 33, 'San Juan de Payara');
INSERT INTO `biartet_venezuela_ciudades` (`id`, `municipio_id`, `nombre`) VALUES (110, 33, 'Codazzi');
INSERT INTO `biartet_venezuela_ciudades` (`id`, `municipio_id`, `nombre`) VALUES (111, 33, 'Cunaviche');
INSERT INTO `biartet_venezuela_municipios` (`id`, `estado_id`, `nombre`) VALUES (34, 3, 'Rómulo Gallegos');
INSERT INTO `biartet_venezuela_ciudades` (`id`, `municipio_id`, `nombre`) VALUES (112, 34, 'Elorza');
INSERT INTO `biartet_venezuela_ciudades` (`id`, `municipio_id`, `nombre`) VALUES (113, 34, 'La Trinidad');
INSERT INTO `biartet_venezuela_municipios` (`id`, `estado_id`, `nombre`) VALUES (35, 3, 'San Fernando');
INSERT INTO `biartet_venezuela_ciudades` (`id`, `municipio_id`, `nombre`) VALUES (114, 35, 'San Fernando de Apure');
INSERT INTO `biartet_venezuela_ciudades` (`id`, `municipio_id`, `nombre`) VALUES (115, 35, 'San Fernando');
INSERT INTO `biartet_venezuela_ciudades` (`id`, `municipio_id`, `nombre`) VALUES (116, 35, 'El Recreo');
INSERT INTO `biartet_venezuela_ciudades` (`id`, `municipio_id`, `nombre`) VALUES (117, 35, 'Peñalver');
INSERT INTO `biartet_venezuela_ciudades` (`id`, `municipio_id`, `nombre`) VALUES (118, 35, 'San Rafael de Atamaica');
INSERT INTO `biartet_venezuela_municipios` (`id`, `estado_id`, `nombre`) VALUES (36, 4, 'Bolívar');
INSERT INTO `biartet_venezuela_ciudades` (`id`, `municipio_id`, `nombre`) VALUES (119, 36, 'San Mateo');
INSERT INTO `biartet_venezuela_ciudades` (`id`, `municipio_id`, `nombre`) VALUES (120, 36, 'Bolívar');
INSERT INTO `biartet_venezuela_municipios` (`id`, `estado_id`, `nombre`) VALUES (37, 4, 'Camatagua');
INSERT INTO `biartet_venezuela_ciudades` (`id`, `municipio_id`, `nombre`) VALUES (121, 37, 'Camatagua');
INSERT INTO `biartet_venezuela_ciudades` (`id`, `municipio_id`, `nombre`) VALUES (122, 37, 'Carmen de Cura');
INSERT INTO `biartet_venezuela_municipios` (`id`, `estado_id`, `nombre`) VALUES (38, 4, 'Francisco Linares Alcántara');
INSERT INTO `biartet_venezuela_ciudades` (`id`, `municipio_id`, `nombre`) VALUES (123, 38, 'Santa Rita');
INSERT INTO `biartet_venezuela_ciudades` (`id`, `municipio_id`, `nombre`) VALUES (124, 38, 'Francisco de Miranda');
INSERT INTO `biartet_venezuela_ciudades` (`id`, `municipio_id`, `nombre`) VALUES (125, 38, 'Moseñor Feliciano González');
INSERT INTO `biartet_venezuela_municipios` (`id`, `estado_id`, `nombre`) VALUES (39, 4, 'Girardot');
INSERT INTO `biartet_venezuela_ciudades` (`id`, `municipio_id`, `nombre`) VALUES (126, 39, 'Maracay');
INSERT INTO `biartet_venezuela_ciudades` (`id`, `municipio_id`, `nombre`) VALUES (127, 39, 'Pedro José Ovalles');
INSERT INTO `biartet_venezuela_ciudades` (`id`, `municipio_id`, `nombre`) VALUES (128, 39, 'Joaquín Crespo');
INSERT INTO `biartet_venezuela_ciudades` (`id`, `municipio_id`, `nombre`) VALUES (129, 39, 'José Casanova Godoy');
INSERT INTO `biartet_venezuela_ciudades` (`id`, `municipio_id`, `nombre`) VALUES (130, 39, 'Madre María de San José');
INSERT INTO `biartet_venezuela_ciudades` (`id`, `municipio_id`, `nombre`) VALUES (131, 39, 'Andrés Eloy Blanco');
INSERT INTO `biartet_venezuela_ciudades` (`id`, `municipio_id`, `nombre`) VALUES (132, 39, 'Los Tacarigua');
INSERT INTO `biartet_venezuela_ciudades` (`id`, `municipio_id`, `nombre`) VALUES (133, 39, 'Las Delicias');
INSERT INTO `biartet_venezuela_ciudades` (`id`, `municipio_id`, `nombre`) VALUES (134, 39, 'Choroní');
INSERT INTO `biartet_venezuela_municipios` (`id`, `estado_id`, `nombre`) VALUES (40, 4, 'José Ángel Lamas');
INSERT INTO `biartet_venezuela_ciudades` (`id`, `municipio_id`, `nombre`) VALUES (135, 40, 'Santa Cruz de Aragua');
INSERT INTO `biartet_venezuela_ciudades` (`id`, `municipio_id`, `nombre`) VALUES (136, 40, 'Santa Cruz');
INSERT INTO `biartet_venezuela_municipios` (`id`, `estado_id`, `nombre`) VALUES (41, 4, 'José Félix Ribas');
INSERT INTO `biartet_venezuela_ciudades` (`id`, `municipio_id`, `nombre`) VALUES (137, 41, 'La Victoria');
INSERT INTO `biartet_venezuela_ciudades` (`id`, `municipio_id`, `nombre`) VALUES (138, 41, 'José Félix Ribas');
INSERT INTO `biartet_venezuela_ciudades` (`id`, `municipio_id`, `nombre`) VALUES (139, 41, 'Castor Nieves Ríos');
INSERT INTO `biartet_venezuela_ciudades` (`id`, `municipio_id`, `nombre`) VALUES (140, 41, 'Las Guacamayas');
INSERT INTO `biartet_venezuela_ciudades` (`id`, `municipio_id`, `nombre`) VALUES (141, 41, 'Pao de Zárate');
INSERT INTO `biartet_venezuela_ciudades` (`id`, `municipio_id`, `nombre`) VALUES (142, 41, 'Zuata');
INSERT INTO `biartet_venezuela_municipios` (`id`, `estado_id`, `nombre`) VALUES (42, 4, 'José Rafael Revenga');
INSERT INTO `biartet_venezuela_ciudades` (`id`, `municipio_id`, `nombre`) VALUES (143, 42, 'El Consejo');
INSERT INTO `biartet_venezuela_ciudades` (`id`, `municipio_id`, `nombre`) VALUES (144, 42, 'José Rafael Revenga');
INSERT INTO `biartet_venezuela_municipios` (`id`, `estado_id`, `nombre`) VALUES (43, 4, 'Libertador');
INSERT INTO `biartet_venezuela_ciudades` (`id`, `municipio_id`, `nombre`) VALUES (145, 43, 'Palo Negro');
INSERT INTO `biartet_venezuela_ciudades` (`id`, `municipio_id`, `nombre`) VALUES (146, 43, 'San Martín de Porres');
INSERT INTO `biartet_venezuela_municipios` (`id`, `estado_id`, `nombre`) VALUES (44, 4, 'Mario Briceño Iragorry');
INSERT INTO `biartet_venezuela_ciudades` (`id`, `municipio_id`, `nombre`) VALUES (147, 44, 'El Limón');
INSERT INTO `biartet_venezuela_ciudades` (`id`, `municipio_id`, `nombre`) VALUES (148, 44, 'Caña de Azúcar');
INSERT INTO `biartet_venezuela_municipios` (`id`, `estado_id`, `nombre`) VALUES (45, 4, 'Ocumare de la Costa de Oro');
INSERT INTO `biartet_venezuela_ciudades` (`id`, `municipio_id`, `nombre`) VALUES (149, 45, 'Ocumare de la Costa');
INSERT INTO `biartet_venezuela_municipios` (`id`, `estado_id`, `nombre`) VALUES (46, 4, 'San Casimiro');
INSERT INTO `biartet_venezuela_ciudades` (`id`, `municipio_id`, `nombre`) VALUES (150, 46, 'San Casimiro');
INSERT INTO `biartet_venezuela_ciudades` (`id`, `municipio_id`, `nombre`) VALUES (151, 46, 'Güiripa');
INSERT INTO `biartet_venezuela_ciudades` (`id`, `municipio_id`, `nombre`) VALUES (152, 46, 'Ollas de Caramacate');
INSERT INTO `biartet_venezuela_ciudades` (`id`, `municipio_id`, `nombre`) VALUES (153, 46, 'Valle Morín');
INSERT INTO `biartet_venezuela_municipios` (`id`, `estado_id`, `nombre`) VALUES (47, 4, 'San Sebastián');
INSERT INTO `biartet_venezuela_ciudades` (`id`, `municipio_id`, `nombre`) VALUES (154, 47, 'San Sebastián de Los Reyes');
INSERT INTO `biartet_venezuela_ciudades` (`id`, `municipio_id`, `nombre`) VALUES (155, 47, 'San Sebastián');
INSERT INTO `biartet_venezuela_municipios` (`id`, `estado_id`, `nombre`) VALUES (48, 4, 'Santiago Mariño');
INSERT INTO `biartet_venezuela_ciudades` (`id`, `municipio_id`, `nombre`) VALUES (156, 48, 'Turmero');
INSERT INTO `biartet_venezuela_ciudades` (`id`, `municipio_id`, `nombre`) VALUES (157, 48, 'Arevalo Aponte');
INSERT INTO `biartet_venezuela_ciudades` (`id`, `municipio_id`, `nombre`) VALUES (158, 48, 'Chuao');
INSERT INTO `biartet_venezuela_ciudades` (`id`, `municipio_id`, `nombre`) VALUES (159, 48, 'Samán de Güere');
INSERT INTO `biartet_venezuela_ciudades` (`id`, `municipio_id`, `nombre`) VALUES (160, 48, 'Alfredo Pacheco Miranda');
INSERT INTO `biartet_venezuela_municipios` (`id`, `estado_id`, `nombre`) VALUES (49, 4, 'Santos Michelena');
INSERT INTO `biartet_venezuela_ciudades` (`id`, `municipio_id`, `nombre`) VALUES (161, 49, 'Las Tejerías');
INSERT INTO `biartet_venezuela_ciudades` (`id`, `municipio_id`, `nombre`) VALUES (162, 49, 'Santos Michelena');
INSERT INTO `biartet_venezuela_ciudades` (`id`, `municipio_id`, `nombre`) VALUES (163, 49, 'Tiara');
INSERT INTO `biartet_venezuela_municipios` (`id`, `estado_id`, `nombre`) VALUES (50, 4, 'Sucre');
INSERT INTO `biartet_venezuela_ciudades` (`id`, `municipio_id`, `nombre`) VALUES (164, 50, 'Cagua');
INSERT INTO `biartet_venezuela_ciudades` (`id`, `municipio_id`, `nombre`) VALUES (165, 50, 'Bella Vista');
INSERT INTO `biartet_venezuela_municipios` (`id`, `estado_id`, `nombre`) VALUES (51, 4, 'Tovar');
INSERT INTO `biartet_venezuela_ciudades` (`id`, `municipio_id`, `nombre`) VALUES (166, 51, 'Colonia Tovar');
INSERT INTO `biartet_venezuela_ciudades` (`id`, `municipio_id`, `nombre`) VALUES (167, 51, 'Tovar');
INSERT INTO `biartet_venezuela_municipios` (`id`, `estado_id`, `nombre`) VALUES (52, 4, 'Urdaneta');
INSERT INTO `biartet_venezuela_ciudades` (`id`, `municipio_id`, `nombre`) VALUES (168, 52, 'Barbacoas');
INSERT INTO `biartet_venezuela_ciudades` (`id`, `municipio_id`, `nombre`) VALUES (169, 52, 'Urdaneta');
INSERT INTO `biartet_venezuela_ciudades` (`id`, `municipio_id`, `nombre`) VALUES (170, 52, 'Las Peñitas');
INSERT INTO `biartet_venezuela_ciudades` (`id`, `municipio_id`, `nombre`) VALUES (171, 52, 'San Francisco de Cara');
INSERT INTO `biartet_venezuela_ciudades` (`id`, `municipio_id`, `nombre`) VALUES (172, 52, 'Taguay');
INSERT INTO `biartet_venezuela_municipios` (`id`, `estado_id`, `nombre`) VALUES (53, 4, 'Zamora');
INSERT INTO `biartet_venezuela_ciudades` (`id`, `municipio_id`, `nombre`) VALUES (173, 53, 'Villa de Cura');
INSERT INTO `biartet_venezuela_ciudades` (`id`, `municipio_id`, `nombre`) VALUES (174, 53, 'Zamora');
INSERT INTO `biartet_venezuela_ciudades` (`id`, `municipio_id`, `nombre`) VALUES (175, 53, 'Magdaleno');
INSERT INTO `biartet_venezuela_ciudades` (`id`, `municipio_id`, `nombre`) VALUES (176, 53, 'San Francisco de Asís');
INSERT INTO `biartet_venezuela_ciudades` (`id`, `municipio_id`, `nombre`) VALUES (177, 53, 'Valles de Tucutunemo');
INSERT INTO `biartet_venezuela_ciudades` (`id`, `municipio_id`, `nombre`) VALUES (178, 53, 'Augusto Mijares');
INSERT INTO `biartet_venezuela_municipios` (`id`, `estado_id`, `nombre`) VALUES (54, 5, 'Alberto Arvelo Torrealba');
INSERT INTO `biartet_venezuela_ciudades` (`id`, `municipio_id`, `nombre`) VALUES (179, 54, 'Sabaneta');
INSERT INTO `biartet_venezuela_ciudades` (`id`, `municipio_id`, `nombre`) VALUES (180, 54, 'Juan Antonio Rodríguez Domínguez');
INSERT INTO `biartet_venezuela_municipios` (`id`, `estado_id`, `nombre`) VALUES (55, 5, 'Andrés Eloy Blanco');
INSERT INTO `biartet_venezuela_ciudades` (`id`, `municipio_id`, `nombre`) VALUES (181, 55, 'El Cantón');
INSERT INTO `biartet_venezuela_ciudades` (`id`, `municipio_id`, `nombre`) VALUES (182, 55, 'Santa Cruz de Guacas');
INSERT INTO `biartet_venezuela_ciudades` (`id`, `municipio_id`, `nombre`) VALUES (183, 55, 'Puerto Vivas');
INSERT INTO `biartet_venezuela_municipios` (`id`, `estado_id`, `nombre`) VALUES (56, 5, 'Antonio José de Sucre');
INSERT INTO `biartet_venezuela_ciudades` (`id`, `municipio_id`, `nombre`) VALUES (184, 56, 'Socopó');
INSERT INTO `biartet_venezuela_ciudades` (`id`, `municipio_id`, `nombre`) VALUES (185, 56, 'Ticoporo');
INSERT INTO `biartet_venezuela_ciudades` (`id`, `municipio_id`, `nombre`) VALUES (186, 56, 'Nicolás Pulido');
INSERT INTO `biartet_venezuela_ciudades` (`id`, `municipio_id`, `nombre`) VALUES (187, 56, 'Andrés Bello');
INSERT INTO `biartet_venezuela_municipios` (`id`, `estado_id`, `nombre`) VALUES (57, 5, 'Arismendi');
INSERT INTO `biartet_venezuela_ciudades` (`id`, `municipio_id`, `nombre`) VALUES (188, 57, 'Arismendi');
INSERT INTO `biartet_venezuela_ciudades` (`id`, `municipio_id`, `nombre`) VALUES (189, 57, 'Guadarrama');
INSERT INTO `biartet_venezuela_ciudades` (`id`, `municipio_id`, `nombre`) VALUES (190, 57, 'La Unión');
INSERT INTO `biartet_venezuela_ciudades` (`id`, `municipio_id`, `nombre`) VALUES (191, 57, 'San Antonio');
INSERT INTO `biartet_venezuela_municipios` (`id`, `estado_id`, `nombre`) VALUES (58, 5, 'Barinas');
INSERT INTO `biartet_venezuela_ciudades` (`id`, `municipio_id`, `nombre`) VALUES (192, 58, 'Barinas');
INSERT INTO `biartet_venezuela_ciudades` (`id`, `municipio_id`, `nombre`) VALUES (193, 58, 'Alberto Arvelo Larriva');
INSERT INTO `biartet_venezuela_ciudades` (`id`, `municipio_id`, `nombre`) VALUES (194, 58, 'San Silvestre');
INSERT INTO `biartet_venezuela_ciudades` (`id`, `municipio_id`, `nombre`) VALUES (195, 58, 'Santa Inés');
INSERT INTO `biartet_venezuela_ciudades` (`id`, `municipio_id`, `nombre`) VALUES (196, 58, 'Santa Lucía');
INSERT INTO `biartet_venezuela_ciudades` (`id`, `municipio_id`, `nombre`) VALUES (197, 58, 'Torunos');
INSERT INTO `biartet_venezuela_ciudades` (`id`, `municipio_id`, `nombre`) VALUES (198, 58, 'El Carmen');
INSERT INTO `biartet_venezuela_ciudades` (`id`, `municipio_id`, `nombre`) VALUES (199, 58, 'Rómulo Betancourt');
INSERT INTO `biartet_venezuela_ciudades` (`id`, `municipio_id`, `nombre`) VALUES (200, 58, 'Corazón de Jesús');
INSERT INTO `biartet_venezuela_ciudades` (`id`, `municipio_id`, `nombre`) VALUES (201, 58, 'Ramón Ignacio Méndez');
INSERT INTO `biartet_venezuela_ciudades` (`id`, `municipio_id`, `nombre`) VALUES (202, 58, 'Alto Barinas');
INSERT INTO `biartet_venezuela_ciudades` (`id`, `municipio_id`, `nombre`) VALUES (203, 58, 'Manuel Palacio Fajardo');
INSERT INTO `biartet_venezuela_ciudades` (`id`, `municipio_id`, `nombre`) VALUES (204, 58, 'Juan Antonio Rodríguez Domínguez');
INSERT INTO `biartet_venezuela_ciudades` (`id`, `municipio_id`, `nombre`) VALUES (205, 58, 'Dominga Ortiz de Páez');
INSERT INTO `biartet_venezuela_municipios` (`id`, `estado_id`, `nombre`) VALUES (59, 5, 'Bolívar');
INSERT INTO `biartet_venezuela_ciudades` (`id`, `municipio_id`, `nombre`) VALUES (206, 59, 'Barinitas');
INSERT INTO `biartet_venezuela_ciudades` (`id`, `municipio_id`, `nombre`) VALUES (207, 59, 'Altamira de Cáceres');
INSERT INTO `biartet_venezuela_ciudades` (`id`, `municipio_id`, `nombre`) VALUES (208, 59, 'Calderas');
INSERT INTO `biartet_venezuela_municipios` (`id`, `estado_id`, `nombre`) VALUES (60, 5, 'Cruz Paredes');
INSERT INTO `biartet_venezuela_ciudades` (`id`, `municipio_id`, `nombre`) VALUES (209, 60, 'Barrancas');
INSERT INTO `biartet_venezuela_ciudades` (`id`, `municipio_id`, `nombre`) VALUES (210, 60, 'El Socorro');
INSERT INTO `biartet_venezuela_ciudades` (`id`, `municipio_id`, `nombre`) VALUES (211, 60, 'Mazparrito');
INSERT INTO `biartet_venezuela_municipios` (`id`, `estado_id`, `nombre`) VALUES (61, 5, 'Ezequiel Zamora');
INSERT INTO `biartet_venezuela_ciudades` (`id`, `municipio_id`, `nombre`) VALUES (212, 61, 'Santa Bárbara');
INSERT INTO `biartet_venezuela_ciudades` (`id`, `municipio_id`, `nombre`) VALUES (213, 61, 'Pedro Briceño Méndez');
INSERT INTO `biartet_venezuela_ciudades` (`id`, `municipio_id`, `nombre`) VALUES (214, 61, 'Ramón Ignacio Méndez');
INSERT INTO `biartet_venezuela_ciudades` (`id`, `municipio_id`, `nombre`) VALUES (215, 61, 'José Ignacio del Pumar');
INSERT INTO `biartet_venezuela_municipios` (`id`, `estado_id`, `nombre`) VALUES (62, 5, 'Obispos');
INSERT INTO `biartet_venezuela_ciudades` (`id`, `municipio_id`, `nombre`) VALUES (216, 62, 'Obispos');
INSERT INTO `biartet_venezuela_ciudades` (`id`, `municipio_id`, `nombre`) VALUES (217, 62, 'Los Guasimitos');
INSERT INTO `biartet_venezuela_ciudades` (`id`, `municipio_id`, `nombre`) VALUES (218, 62, 'El Real');
INSERT INTO `biartet_venezuela_ciudades` (`id`, `municipio_id`, `nombre`) VALUES (219, 62, 'La Luz');
INSERT INTO `biartet_venezuela_municipios` (`id`, `estado_id`, `nombre`) VALUES (63, 5, 'Pedraza');
INSERT INTO `biartet_venezuela_ciudades` (`id`, `municipio_id`, `nombre`) VALUES (220, 63, 'Ciudad Bolivia');
INSERT INTO `biartet_venezuela_ciudades` (`id`, `municipio_id`, `nombre`) VALUES (221, 63, 'Ciudad Bolívia');
INSERT INTO `biartet_venezuela_ciudades` (`id`, `municipio_id`, `nombre`) VALUES (222, 63, 'José Ignacio Briceño');
INSERT INTO `biartet_venezuela_ciudades` (`id`, `municipio_id`, `nombre`) VALUES (223, 63, 'José Félix Ribas');
INSERT INTO `biartet_venezuela_ciudades` (`id`, `municipio_id`, `nombre`) VALUES (224, 63, 'Páez');
INSERT INTO `biartet_venezuela_municipios` (`id`, `estado_id`, `nombre`) VALUES (64, 5, 'Rojas');
INSERT INTO `biartet_venezuela_ciudades` (`id`, `municipio_id`, `nombre`) VALUES (225, 64, 'Libertad');
INSERT INTO `biartet_venezuela_ciudades` (`id`, `municipio_id`, `nombre`) VALUES (226, 64, 'Dolores');
INSERT INTO `biartet_venezuela_ciudades` (`id`, `municipio_id`, `nombre`) VALUES (227, 64, 'Santa Rosa');
INSERT INTO `biartet_venezuela_ciudades` (`id`, `municipio_id`, `nombre`) VALUES (228, 64, 'Palacio Fajardo');
INSERT INTO `biartet_venezuela_ciudades` (`id`, `municipio_id`, `nombre`) VALUES (229, 64, 'Simón Rodríguez');
INSERT INTO `biartet_venezuela_municipios` (`id`, `estado_id`, `nombre`) VALUES (65, 5, 'Sosa');
INSERT INTO `biartet_venezuela_ciudades` (`id`, `municipio_id`, `nombre`) VALUES (230, 65, 'Ciudad de Nutrias');
INSERT INTO `biartet_venezuela_ciudades` (`id`, `municipio_id`, `nombre`) VALUES (231, 65, 'El Regalo');
INSERT INTO `biartet_venezuela_ciudades` (`id`, `municipio_id`, `nombre`) VALUES (232, 65, 'Puerto Nutrias');
INSERT INTO `biartet_venezuela_ciudades` (`id`, `municipio_id`, `nombre`) VALUES (233, 65, 'Santa Catalina');
INSERT INTO `biartet_venezuela_ciudades` (`id`, `municipio_id`, `nombre`) VALUES (234, 65, 'Simón Bolívar');
INSERT INTO `biartet_venezuela_municipios` (`id`, `estado_id`, `nombre`) VALUES (66, 6, 'Angostura');
INSERT INTO `biartet_venezuela_ciudades` (`id`, `municipio_id`, `nombre`) VALUES (235, 66, 'Ciudad Píar');
INSERT INTO `biartet_venezuela_ciudades` (`id`, `municipio_id`, `nombre`) VALUES (236, 66, 'Raúl Leoni');
INSERT INTO `biartet_venezuela_ciudades` (`id`, `municipio_id`, `nombre`) VALUES (237, 66, 'Barceloneta');
INSERT INTO `biartet_venezuela_ciudades` (`id`, `municipio_id`, `nombre`) VALUES (238, 66, 'Santa Bárbara');
INSERT INTO `biartet_venezuela_ciudades` (`id`, `municipio_id`, `nombre`) VALUES (239, 66, 'San Francisco');
INSERT INTO `biartet_venezuela_municipios` (`id`, `estado_id`, `nombre`) VALUES (67, 6, 'Caroní');
INSERT INTO `biartet_venezuela_ciudades` (`id`, `municipio_id`, `nombre`) VALUES (240, 67, 'Ciudad Guayana');
INSERT INTO `biartet_venezuela_ciudades` (`id`, `municipio_id`, `nombre`) VALUES (241, 67, 'Cachamay');
INSERT INTO `biartet_venezuela_ciudades` (`id`, `municipio_id`, `nombre`) VALUES (242, 67, 'Chirica');
INSERT INTO `biartet_venezuela_ciudades` (`id`, `municipio_id`, `nombre`) VALUES (243, 67, 'Dalla Costa');
INSERT INTO `biartet_venezuela_ciudades` (`id`, `municipio_id`, `nombre`) VALUES (244, 67, 'Once de Abril');
INSERT INTO `biartet_venezuela_ciudades` (`id`, `municipio_id`, `nombre`) VALUES (245, 67, 'Simón Bolívar');
INSERT INTO `biartet_venezuela_ciudades` (`id`, `municipio_id`, `nombre`) VALUES (246, 67, 'Unare');
INSERT INTO `biartet_venezuela_ciudades` (`id`, `municipio_id`, `nombre`) VALUES (247, 67, 'Universidad');
INSERT INTO `biartet_venezuela_ciudades` (`id`, `municipio_id`, `nombre`) VALUES (248, 67, 'Vista al Sol');
INSERT INTO `biartet_venezuela_ciudades` (`id`, `municipio_id`, `nombre`) VALUES (249, 67, 'Pozo Verde');
INSERT INTO `biartet_venezuela_ciudades` (`id`, `municipio_id`, `nombre`) VALUES (250, 67, 'Yocoima');
INSERT INTO `biartet_venezuela_ciudades` (`id`, `municipio_id`, `nombre`) VALUES (251, 67, '5 de Julio');
INSERT INTO `biartet_venezuela_municipios` (`id`, `estado_id`, `nombre`) VALUES (68, 6, 'Cedeño');
INSERT INTO `biartet_venezuela_ciudades` (`id`, `municipio_id`, `nombre`) VALUES (252, 68, 'Caicara del Orinoco');
INSERT INTO `biartet_venezuela_ciudades` (`id`, `municipio_id`, `nombre`) VALUES (253, 68, 'Cedeño');
INSERT INTO `biartet_venezuela_ciudades` (`id`, `municipio_id`, `nombre`) VALUES (254, 68, 'Altagracia');
INSERT INTO `biartet_venezuela_ciudades` (`id`, `municipio_id`, `nombre`) VALUES (255, 68, 'Ascensión Farreras');
INSERT INTO `biartet_venezuela_ciudades` (`id`, `municipio_id`, `nombre`) VALUES (256, 68, 'Guaniamo');
INSERT INTO `biartet_venezuela_ciudades` (`id`, `municipio_id`, `nombre`) VALUES (257, 68, 'La Urbana');
INSERT INTO `biartet_venezuela_ciudades` (`id`, `municipio_id`, `nombre`) VALUES (258, 68, 'Pijiguaos');
INSERT INTO `biartet_venezuela_municipios` (`id`, `estado_id`, `nombre`) VALUES (69, 6, 'El Callao');
INSERT INTO `biartet_venezuela_ciudades` (`id`, `municipio_id`, `nombre`) VALUES (259, 69, 'El Callao');
INSERT INTO `biartet_venezuela_municipios` (`id`, `estado_id`, `nombre`) VALUES (70, 6, 'Gran Sabana');
INSERT INTO `biartet_venezuela_ciudades` (`id`, `municipio_id`, `nombre`) VALUES (260, 70, 'Santa Elena de Uairén');
INSERT INTO `biartet_venezuela_ciudades` (`id`, `municipio_id`, `nombre`) VALUES (261, 70, 'Gran Sabana');
INSERT INTO `biartet_venezuela_ciudades` (`id`, `municipio_id`, `nombre`) VALUES (262, 70, 'Ikabarú');
INSERT INTO `biartet_venezuela_municipios` (`id`, `estado_id`, `nombre`) VALUES (71, 6, 'Heres');
INSERT INTO `biartet_venezuela_ciudades` (`id`, `municipio_id`, `nombre`) VALUES (263, 71, 'Ciudad Bolívar');
INSERT INTO `biartet_venezuela_ciudades` (`id`, `municipio_id`, `nombre`) VALUES (264, 71, 'Catedral');
INSERT INTO `biartet_venezuela_ciudades` (`id`, `municipio_id`, `nombre`) VALUES (265, 71, 'Zea');
INSERT INTO `biartet_venezuela_ciudades` (`id`, `municipio_id`, `nombre`) VALUES (266, 71, 'Orinoco');
INSERT INTO `biartet_venezuela_ciudades` (`id`, `municipio_id`, `nombre`) VALUES (267, 71, 'José Antonio Páez');
INSERT INTO `biartet_venezuela_ciudades` (`id`, `municipio_id`, `nombre`) VALUES (268, 71, 'Marhuanta');
INSERT INTO `biartet_venezuela_ciudades` (`id`, `municipio_id`, `nombre`) VALUES (269, 71, 'Agua Salada');
INSERT INTO `biartet_venezuela_ciudades` (`id`, `municipio_id`, `nombre`) VALUES (270, 71, 'Vista Hermosa');
INSERT INTO `biartet_venezuela_ciudades` (`id`, `municipio_id`, `nombre`) VALUES (271, 71, 'La Sabanita');
INSERT INTO `biartet_venezuela_ciudades` (`id`, `municipio_id`, `nombre`) VALUES (272, 71, 'Panapana');
INSERT INTO `biartet_venezuela_municipios` (`id`, `estado_id`, `nombre`) VALUES (72, 6, 'Píar');
INSERT INTO `biartet_venezuela_ciudades` (`id`, `municipio_id`, `nombre`) VALUES (273, 72, 'Upata');
INSERT INTO `biartet_venezuela_ciudades` (`id`, `municipio_id`, `nombre`) VALUES (274, 72, 'Andrés Eloy Blanco');
INSERT INTO `biartet_venezuela_ciudades` (`id`, `municipio_id`, `nombre`) VALUES (275, 72, 'Pedro Cova');
INSERT INTO `biartet_venezuela_municipios` (`id`, `estado_id`, `nombre`) VALUES (73, 6, 'Roscio');
INSERT INTO `biartet_venezuela_ciudades` (`id`, `municipio_id`, `nombre`) VALUES (276, 73, 'Guasipati');
INSERT INTO `biartet_venezuela_ciudades` (`id`, `municipio_id`, `nombre`) VALUES (277, 73, 'Roscio');
INSERT INTO `biartet_venezuela_ciudades` (`id`, `municipio_id`, `nombre`) VALUES (278, 73, 'Salóm');
INSERT INTO `biartet_venezuela_municipios` (`id`, `estado_id`, `nombre`) VALUES (74, 6, 'Sifontes');
INSERT INTO `biartet_venezuela_ciudades` (`id`, `municipio_id`, `nombre`) VALUES (279, 74, 'El Dorado');
INSERT INTO `biartet_venezuela_ciudades` (`id`, `municipio_id`, `nombre`) VALUES (280, 74, 'Sifontes');
INSERT INTO `biartet_venezuela_ciudades` (`id`, `municipio_id`, `nombre`) VALUES (281, 74, 'Dalla Costa');
INSERT INTO `biartet_venezuela_ciudades` (`id`, `municipio_id`, `nombre`) VALUES (282, 74, 'San Isidro');
INSERT INTO `biartet_venezuela_municipios` (`id`, `estado_id`, `nombre`) VALUES (75, 6, 'Sucre');
INSERT INTO `biartet_venezuela_ciudades` (`id`, `municipio_id`, `nombre`) VALUES (283, 75, 'Maripa');
INSERT INTO `biartet_venezuela_ciudades` (`id`, `municipio_id`, `nombre`) VALUES (284, 75, 'Sucre');
INSERT INTO `biartet_venezuela_ciudades` (`id`, `municipio_id`, `nombre`) VALUES (285, 75, 'Aripao');
INSERT INTO `biartet_venezuela_ciudades` (`id`, `municipio_id`, `nombre`) VALUES (286, 75, 'Guarataro');
INSERT INTO `biartet_venezuela_ciudades` (`id`, `municipio_id`, `nombre`) VALUES (287, 75, 'Las Majadas');
INSERT INTO `biartet_venezuela_ciudades` (`id`, `municipio_id`, `nombre`) VALUES (288, 75, 'Moitaco');
INSERT INTO `biartet_venezuela_municipios` (`id`, `estado_id`, `nombre`) VALUES (76, 6, 'Padre Pedro Chien');
INSERT INTO `biartet_venezuela_ciudades` (`id`, `municipio_id`, `nombre`) VALUES (289, 76, 'El Palmar');
INSERT INTO `biartet_venezuela_ciudades` (`id`, `municipio_id`, `nombre`) VALUES (290, 76, 'Padre Pedro Chien');
INSERT INTO `biartet_venezuela_ciudades` (`id`, `municipio_id`, `nombre`) VALUES (291, 76, 'Río Grande');
INSERT INTO `biartet_venezuela_municipios` (`id`, `estado_id`, `nombre`) VALUES (77, 7, 'Bejuma');
INSERT INTO `biartet_venezuela_ciudades` (`id`, `municipio_id`, `nombre`) VALUES (292, 77, 'Bejuma');
INSERT INTO `biartet_venezuela_ciudades` (`id`, `municipio_id`, `nombre`) VALUES (293, 77, 'Canoabo');
INSERT INTO `biartet_venezuela_ciudades` (`id`, `municipio_id`, `nombre`) VALUES (294, 77, 'Simón Bolívar');
INSERT INTO `biartet_venezuela_municipios` (`id`, `estado_id`, `nombre`) VALUES (78, 7, 'Carlos Arvelo');
INSERT INTO `biartet_venezuela_ciudades` (`id`, `municipio_id`, `nombre`) VALUES (295, 78, 'Güigüe');
INSERT INTO `biartet_venezuela_ciudades` (`id`, `municipio_id`, `nombre`) VALUES (296, 78, 'Carabobo');
INSERT INTO `biartet_venezuela_ciudades` (`id`, `municipio_id`, `nombre`) VALUES (297, 78, 'Tacarigua');
INSERT INTO `biartet_venezuela_municipios` (`id`, `estado_id`, `nombre`) VALUES (79, 7, 'Diego Ibarra');
INSERT INTO `biartet_venezuela_ciudades` (`id`, `municipio_id`, `nombre`) VALUES (298, 79, 'Mariara');
INSERT INTO `biartet_venezuela_ciudades` (`id`, `municipio_id`, `nombre`) VALUES (299, 79, 'Aguas Calientes');
INSERT INTO `biartet_venezuela_municipios` (`id`, `estado_id`, `nombre`) VALUES (80, 7, 'Guacara');
INSERT INTO `biartet_venezuela_ciudades` (`id`, `municipio_id`, `nombre`) VALUES (300, 80, 'Guacara');
INSERT INTO `biartet_venezuela_ciudades` (`id`, `municipio_id`, `nombre`) VALUES (301, 80, 'Ciudad Alianza');
INSERT INTO `biartet_venezuela_ciudades` (`id`, `municipio_id`, `nombre`) VALUES (302, 80, 'Yagua');
INSERT INTO `biartet_venezuela_municipios` (`id`, `estado_id`, `nombre`) VALUES (81, 7, 'Mora');
INSERT INTO `biartet_venezuela_ciudades` (`id`, `municipio_id`, `nombre`) VALUES (303, 81, 'Morón');
INSERT INTO `biartet_venezuela_ciudades` (`id`, `municipio_id`, `nombre`) VALUES (304, 81, 'Urama');
INSERT INTO `biartet_venezuela_municipios` (`id`, `estado_id`, `nombre`) VALUES (82, 7, 'Libertador');
INSERT INTO `biartet_venezuela_ciudades` (`id`, `municipio_id`, `nombre`) VALUES (305, 82, 'Tocuyito');
INSERT INTO `biartet_venezuela_ciudades` (`id`, `municipio_id`, `nombre`) VALUES (306, 82, 'Valencia');
INSERT INTO `biartet_venezuela_ciudades` (`id`, `municipio_id`, `nombre`) VALUES (307, 82, 'Campo Carabobo');
INSERT INTO `biartet_venezuela_municipios` (`id`, `estado_id`, `nombre`) VALUES (83, 7, 'Los Guayos');
INSERT INTO `biartet_venezuela_ciudades` (`id`, `municipio_id`, `nombre`) VALUES (308, 83, 'Los Guayos');
INSERT INTO `biartet_venezuela_municipios` (`id`, `estado_id`, `nombre`) VALUES (84, 7, 'Miranda');
INSERT INTO `biartet_venezuela_ciudades` (`id`, `municipio_id`, `nombre`) VALUES (309, 84, 'Miranda');
INSERT INTO `biartet_venezuela_municipios` (`id`, `estado_id`, `nombre`) VALUES (85, 7, 'Montalbán');
INSERT INTO `biartet_venezuela_ciudades` (`id`, `municipio_id`, `nombre`) VALUES (310, 85, 'Montalbán');
INSERT INTO `biartet_venezuela_municipios` (`id`, `estado_id`, `nombre`) VALUES (86, 7, 'Naguanagua');
INSERT INTO `biartet_venezuela_ciudades` (`id`, `municipio_id`, `nombre`) VALUES (311, 86, 'Naguanagua');
INSERT INTO `biartet_venezuela_municipios` (`id`, `estado_id`, `nombre`) VALUES (87, 7, 'Puerto Cabello');
INSERT INTO `biartet_venezuela_ciudades` (`id`, `municipio_id`, `nombre`) VALUES (312, 87, 'Puerto Cabello');
INSERT INTO `biartet_venezuela_ciudades` (`id`, `municipio_id`, `nombre`) VALUES (313, 87, 'Bartolomé Salóm');
INSERT INTO `biartet_venezuela_ciudades` (`id`, `municipio_id`, `nombre`) VALUES (314, 87, 'Democracia');
INSERT INTO `biartet_venezuela_ciudades` (`id`, `municipio_id`, `nombre`) VALUES (315, 87, 'Fraternidad');
INSERT INTO `biartet_venezuela_ciudades` (`id`, `municipio_id`, `nombre`) VALUES (316, 87, 'Goaigoaza');
INSERT INTO `biartet_venezuela_ciudades` (`id`, `municipio_id`, `nombre`) VALUES (317, 87, 'Juan José Flores');
INSERT INTO `biartet_venezuela_ciudades` (`id`, `municipio_id`, `nombre`) VALUES (318, 87, 'Unión');
INSERT INTO `biartet_venezuela_ciudades` (`id`, `municipio_id`, `nombre`) VALUES (319, 87, 'Borburata');
INSERT INTO `biartet_venezuela_ciudades` (`id`, `municipio_id`, `nombre`) VALUES (320, 87, 'Patanemo');
INSERT INTO `biartet_venezuela_municipios` (`id`, `estado_id`, `nombre`) VALUES (88, 7, 'San Diego');
INSERT INTO `biartet_venezuela_ciudades` (`id`, `municipio_id`, `nombre`) VALUES (321, 88, 'San Diego');
INSERT INTO `biartet_venezuela_municipios` (`id`, `estado_id`, `nombre`) VALUES (89, 7, 'San Joaquín');
INSERT INTO `biartet_venezuela_ciudades` (`id`, `municipio_id`, `nombre`) VALUES (322, 89, 'San Joaquín');
INSERT INTO `biartet_venezuela_municipios` (`id`, `estado_id`, `nombre`) VALUES (90, 7, 'Valencia');
INSERT INTO `biartet_venezuela_ciudades` (`id`, `municipio_id`, `nombre`) VALUES (323, 90, 'Valencia');
INSERT INTO `biartet_venezuela_ciudades` (`id`, `municipio_id`, `nombre`) VALUES (324, 90, 'Urbana Candelaria');
INSERT INTO `biartet_venezuela_ciudades` (`id`, `municipio_id`, `nombre`) VALUES (325, 90, 'Urbana Catedral');
INSERT INTO `biartet_venezuela_ciudades` (`id`, `municipio_id`, `nombre`) VALUES (326, 90, 'Urbana El Socorro');
INSERT INTO `biartet_venezuela_ciudades` (`id`, `municipio_id`, `nombre`) VALUES (327, 90, 'Urbana Miguel Peña');
INSERT INTO `biartet_venezuela_ciudades` (`id`, `municipio_id`, `nombre`) VALUES (328, 90, 'Urbana Rafael Urdaneta');
INSERT INTO `biartet_venezuela_ciudades` (`id`, `municipio_id`, `nombre`) VALUES (329, 90, 'Urbana San Blas');
INSERT INTO `biartet_venezuela_ciudades` (`id`, `municipio_id`, `nombre`) VALUES (330, 90, 'Urbana San José');
INSERT INTO `biartet_venezuela_ciudades` (`id`, `municipio_id`, `nombre`) VALUES (331, 90, 'Urbana Santa Rosa');
INSERT INTO `biartet_venezuela_ciudades` (`id`, `municipio_id`, `nombre`) VALUES (332, 90, 'No Urbana Negro Primero');
INSERT INTO `biartet_venezuela_municipios` (`id`, `estado_id`, `nombre`) VALUES (91, 8, 'Anzoátegui');
INSERT INTO `biartet_venezuela_ciudades` (`id`, `municipio_id`, `nombre`) VALUES (333, 91, 'Cojedes');
INSERT INTO `biartet_venezuela_ciudades` (`id`, `municipio_id`, `nombre`) VALUES (334, 91, 'Juan de Mata Suárez');
INSERT INTO `biartet_venezuela_municipios` (`id`, `estado_id`, `nombre`) VALUES (92, 8, 'Tinaquillo');
INSERT INTO `biartet_venezuela_ciudades` (`id`, `municipio_id`, `nombre`) VALUES (335, 92, 'Tinaquillo');
INSERT INTO `biartet_venezuela_municipios` (`id`, `estado_id`, `nombre`) VALUES (93, 8, 'Girardot');
INSERT INTO `biartet_venezuela_ciudades` (`id`, `municipio_id`, `nombre`) VALUES (336, 93, 'El Baúl');
INSERT INTO `biartet_venezuela_ciudades` (`id`, `municipio_id`, `nombre`) VALUES (337, 93, 'Sucre');
INSERT INTO `biartet_venezuela_municipios` (`id`, `estado_id`, `nombre`) VALUES (94, 8, 'Lima Blanco');
INSERT INTO `biartet_venezuela_ciudades` (`id`, `municipio_id`, `nombre`) VALUES (338, 94, 'Macapo');
INSERT INTO `biartet_venezuela_ciudades` (`id`, `municipio_id`, `nombre`) VALUES (339, 94, 'La Aguadita');
INSERT INTO `biartet_venezuela_municipios` (`id`, `estado_id`, `nombre`) VALUES (95, 8, 'Pao de San Juan Bautista');
INSERT INTO `biartet_venezuela_ciudades` (`id`, `municipio_id`, `nombre`) VALUES (340, 95, 'El Pao');
INSERT INTO `biartet_venezuela_municipios` (`id`, `estado_id`, `nombre`) VALUES (96, 8, 'Ricaurte');
INSERT INTO `biartet_venezuela_ciudades` (`id`, `municipio_id`, `nombre`) VALUES (341, 96, 'Libertad');
INSERT INTO `biartet_venezuela_ciudades` (`id`, `municipio_id`, `nombre`) VALUES (342, 96, 'El Amparo');
INSERT INTO `biartet_venezuela_ciudades` (`id`, `municipio_id`, `nombre`) VALUES (343, 96, 'Libertad de Cojedes');
INSERT INTO `biartet_venezuela_municipios` (`id`, `estado_id`, `nombre`) VALUES (97, 8, 'Rómulo Gallegos');
INSERT INTO `biartet_venezuela_ciudades` (`id`, `municipio_id`, `nombre`) VALUES (344, 97, 'Las Vegas');
INSERT INTO `biartet_venezuela_ciudades` (`id`, `municipio_id`, `nombre`) VALUES (345, 97, 'Rómulo Gallegos');
INSERT INTO `biartet_venezuela_municipios` (`id`, `estado_id`, `nombre`) VALUES (98, 8, 'San Carlos');
INSERT INTO `biartet_venezuela_ciudades` (`id`, `municipio_id`, `nombre`) VALUES (346, 98, 'San Carlos');
INSERT INTO `biartet_venezuela_ciudades` (`id`, `municipio_id`, `nombre`) VALUES (347, 98, 'San Carlos de Austria');
INSERT INTO `biartet_venezuela_ciudades` (`id`, `municipio_id`, `nombre`) VALUES (348, 98, 'Juan Ángel Bravo');
INSERT INTO `biartet_venezuela_ciudades` (`id`, `municipio_id`, `nombre`) VALUES (349, 98, 'Manuel Manrique');
INSERT INTO `biartet_venezuela_municipios` (`id`, `estado_id`, `nombre`) VALUES (99, 8, 'Tinaco');
INSERT INTO `biartet_venezuela_ciudades` (`id`, `municipio_id`, `nombre`) VALUES (350, 99, 'Tinaco');
INSERT INTO `biartet_venezuela_ciudades` (`id`, `municipio_id`, `nombre`) VALUES (351, 99, 'General en Jefe José Laurencio Silva');
INSERT INTO `biartet_venezuela_municipios` (`id`, `estado_id`, `nombre`) VALUES (100, 9, 'Antonio Díaz');
INSERT INTO `biartet_venezuela_ciudades` (`id`, `municipio_id`, `nombre`) VALUES (352, 100, 'Curiapo');
INSERT INTO `biartet_venezuela_ciudades` (`id`, `municipio_id`, `nombre`) VALUES (353, 100, 'Almirante Luis Brión');
INSERT INTO `biartet_venezuela_ciudades` (`id`, `municipio_id`, `nombre`) VALUES (354, 100, 'Francisco Aniceto Lugo Boca de Cuyubini');
INSERT INTO `biartet_venezuela_ciudades` (`id`, `municipio_id`, `nombre`) VALUES (355, 100, 'Manuel Renaud');
INSERT INTO `biartet_venezuela_ciudades` (`id`, `municipio_id`, `nombre`) VALUES (356, 100, 'Padre Barral');
INSERT INTO `biartet_venezuela_ciudades` (`id`, `municipio_id`, `nombre`) VALUES (357, 100, 'Santos de Abelgas');
INSERT INTO `biartet_venezuela_municipios` (`id`, `estado_id`, `nombre`) VALUES (101, 9, 'Casacoima');
INSERT INTO `biartet_venezuela_ciudades` (`id`, `municipio_id`, `nombre`) VALUES (358, 101, 'Sierra Imataca');
INSERT INTO `biartet_venezuela_ciudades` (`id`, `municipio_id`, `nombre`) VALUES (359, 101, 'Imataca Moruca');
INSERT INTO `biartet_venezuela_ciudades` (`id`, `municipio_id`, `nombre`) VALUES (360, 101, 'Cinco de Julio Piacoa');
INSERT INTO `biartet_venezuela_ciudades` (`id`, `municipio_id`, `nombre`) VALUES (361, 101, 'Juan Bautista Arismendi');
INSERT INTO `biartet_venezuela_ciudades` (`id`, `municipio_id`, `nombre`) VALUES (362, 101, 'Manuel Piar Santa Catalina');
INSERT INTO `biartet_venezuela_ciudades` (`id`, `municipio_id`, `nombre`) VALUES (363, 101, 'Rómulo Gallegos');
INSERT INTO `biartet_venezuela_municipios` (`id`, `estado_id`, `nombre`) VALUES (102, 9, 'Pedernales');
INSERT INTO `biartet_venezuela_ciudades` (`id`, `municipio_id`, `nombre`) VALUES (364, 102, 'Pedernales');
INSERT INTO `biartet_venezuela_ciudades` (`id`, `municipio_id`, `nombre`) VALUES (365, 102, 'Luis Beltrán Prieto Figueroa');
INSERT INTO `biartet_venezuela_municipios` (`id`, `estado_id`, `nombre`) VALUES (103, 9, 'Tucupita');
INSERT INTO `biartet_venezuela_ciudades` (`id`, `municipio_id`, `nombre`) VALUES (366, 103, 'Tucupita');
INSERT INTO `biartet_venezuela_ciudades` (`id`, `municipio_id`, `nombre`) VALUES (367, 103, 'San José');
INSERT INTO `biartet_venezuela_ciudades` (`id`, `municipio_id`, `nombre`) VALUES (368, 103, 'José Vidal Marcano Caparal de Guara');
INSERT INTO `biartet_venezuela_ciudades` (`id`, `municipio_id`, `nombre`) VALUES (369, 103, 'Juan Millán');
INSERT INTO `biartet_venezuela_ciudades` (`id`, `municipio_id`, `nombre`) VALUES (370, 103, 'Leonardo Ruíz Pineda Paloma');
INSERT INTO `biartet_venezuela_ciudades` (`id`, `municipio_id`, `nombre`) VALUES (371, 103, 'Mariscal Antonio José de Sucre');
INSERT INTO `biartet_venezuela_ciudades` (`id`, `municipio_id`, `nombre`) VALUES (372, 103, 'Monseñor Argimiro García San Rafael');
INSERT INTO `biartet_venezuela_ciudades` (`id`, `municipio_id`, `nombre`) VALUES (373, 103, 'San Rafael');
INSERT INTO `biartet_venezuela_ciudades` (`id`, `municipio_id`, `nombre`) VALUES (374, 103, 'Virgen del Valle');
INSERT INTO `biartet_venezuela_municipios` (`id`, `estado_id`, `nombre`) VALUES (104, 10, 'Acosta');
INSERT INTO `biartet_venezuela_ciudades` (`id`, `municipio_id`, `nombre`) VALUES (375, 104, 'San Juan de los Cayos');
INSERT INTO `biartet_venezuela_ciudades` (`id`, `municipio_id`, `nombre`) VALUES (376, 104, 'Capadare');
INSERT INTO `biartet_venezuela_ciudades` (`id`, `municipio_id`, `nombre`) VALUES (377, 104, 'La Pastora');
INSERT INTO `biartet_venezuela_ciudades` (`id`, `municipio_id`, `nombre`) VALUES (378, 104, 'Libertador');
INSERT INTO `biartet_venezuela_municipios` (`id`, `estado_id`, `nombre`) VALUES (105, 10, 'Bolívar');
INSERT INTO `biartet_venezuela_ciudades` (`id`, `municipio_id`, `nombre`) VALUES (379, 105, 'San Luis');
INSERT INTO `biartet_venezuela_ciudades` (`id`, `municipio_id`, `nombre`) VALUES (380, 105, 'Aracua');
INSERT INTO `biartet_venezuela_ciudades` (`id`, `municipio_id`, `nombre`) VALUES (381, 105, 'La Peña');
INSERT INTO `biartet_venezuela_municipios` (`id`, `estado_id`, `nombre`) VALUES (106, 10, 'Buchivacoa');
INSERT INTO `biartet_venezuela_ciudades` (`id`, `municipio_id`, `nombre`) VALUES (382, 106, 'Capatárida');
INSERT INTO `biartet_venezuela_ciudades` (`id`, `municipio_id`, `nombre`) VALUES (383, 106, 'Bariro');
INSERT INTO `biartet_venezuela_ciudades` (`id`, `municipio_id`, `nombre`) VALUES (384, 106, 'Borojó');
INSERT INTO `biartet_venezuela_ciudades` (`id`, `municipio_id`, `nombre`) VALUES (385, 106, 'Guajiro');
INSERT INTO `biartet_venezuela_ciudades` (`id`, `municipio_id`, `nombre`) VALUES (386, 106, 'Seque');
INSERT INTO `biartet_venezuela_ciudades` (`id`, `municipio_id`, `nombre`) VALUES (387, 106, 'Zazárida');
INSERT INTO `biartet_venezuela_ciudades` (`id`, `municipio_id`, `nombre`) VALUES (388, 106, 'Valle de Eroa');
INSERT INTO `biartet_venezuela_municipios` (`id`, `estado_id`, `nombre`) VALUES (107, 10, 'Carirubana');
INSERT INTO `biartet_venezuela_ciudades` (`id`, `municipio_id`, `nombre`) VALUES (389, 107, 'Punto Fijo');
INSERT INTO `biartet_venezuela_ciudades` (`id`, `municipio_id`, `nombre`) VALUES (390, 107, 'Norte');
INSERT INTO `biartet_venezuela_ciudades` (`id`, `municipio_id`, `nombre`) VALUES (391, 107, 'Carirubana');
INSERT INTO `biartet_venezuela_ciudades` (`id`, `municipio_id`, `nombre`) VALUES (392, 107, 'Santa Ana');
INSERT INTO `biartet_venezuela_ciudades` (`id`, `municipio_id`, `nombre`) VALUES (393, 107, 'Urbana Punta Cardón');
INSERT INTO `biartet_venezuela_municipios` (`id`, `estado_id`, `nombre`) VALUES (108, 10, 'Colina');
INSERT INTO `biartet_venezuela_ciudades` (`id`, `municipio_id`, `nombre`) VALUES (394, 108, 'La Vela de Coro');
INSERT INTO `biartet_venezuela_ciudades` (`id`, `municipio_id`, `nombre`) VALUES (395, 108, 'Acurigua');
INSERT INTO `biartet_venezuela_ciudades` (`id`, `municipio_id`, `nombre`) VALUES (396, 108, 'Guaibacoa');
INSERT INTO `biartet_venezuela_ciudades` (`id`, `municipio_id`, `nombre`) VALUES (397, 108, 'Las Calderas');
INSERT INTO `biartet_venezuela_ciudades` (`id`, `municipio_id`, `nombre`) VALUES (398, 108, 'Macoruca');
INSERT INTO `biartet_venezuela_municipios` (`id`, `estado_id`, `nombre`) VALUES (109, 10, 'Dabajuro');
INSERT INTO `biartet_venezuela_ciudades` (`id`, `municipio_id`, `nombre`) VALUES (399, 109, 'Dabajuro');
INSERT INTO `biartet_venezuela_municipios` (`id`, `estado_id`, `nombre`) VALUES (110, 10, 'Democracia');
INSERT INTO `biartet_venezuela_ciudades` (`id`, `municipio_id`, `nombre`) VALUES (400, 110, 'Pedregal');
INSERT INTO `biartet_venezuela_ciudades` (`id`, `municipio_id`, `nombre`) VALUES (401, 110, 'Agua Clara');
INSERT INTO `biartet_venezuela_ciudades` (`id`, `municipio_id`, `nombre`) VALUES (402, 110, 'Avaria');
INSERT INTO `biartet_venezuela_ciudades` (`id`, `municipio_id`, `nombre`) VALUES (403, 110, 'Piedra Grande');
INSERT INTO `biartet_venezuela_ciudades` (`id`, `municipio_id`, `nombre`) VALUES (404, 110, 'Purureche');
INSERT INTO `biartet_venezuela_municipios` (`id`, `estado_id`, `nombre`) VALUES (111, 10, 'Falcón');
INSERT INTO `biartet_venezuela_ciudades` (`id`, `municipio_id`, `nombre`) VALUES (405, 111, 'Pueblo Nuevo');
INSERT INTO `biartet_venezuela_ciudades` (`id`, `municipio_id`, `nombre`) VALUES (406, 111, 'Adaure');
INSERT INTO `biartet_venezuela_ciudades` (`id`, `municipio_id`, `nombre`) VALUES (407, 111, 'Adícora');
INSERT INTO `biartet_venezuela_ciudades` (`id`, `municipio_id`, `nombre`) VALUES (408, 111, 'Baraived');
INSERT INTO `biartet_venezuela_ciudades` (`id`, `municipio_id`, `nombre`) VALUES (409, 111, 'Buena Vista');
INSERT INTO `biartet_venezuela_ciudades` (`id`, `municipio_id`, `nombre`) VALUES (410, 111, 'Jadacaquiva');
INSERT INTO `biartet_venezuela_ciudades` (`id`, `municipio_id`, `nombre`) VALUES (411, 111, 'El Vínculo');
INSERT INTO `biartet_venezuela_ciudades` (`id`, `municipio_id`, `nombre`) VALUES (412, 111, 'El Hato');
INSERT INTO `biartet_venezuela_ciudades` (`id`, `municipio_id`, `nombre`) VALUES (413, 111, 'Moruy');
INSERT INTO `biartet_venezuela_municipios` (`id`, `estado_id`, `nombre`) VALUES (112, 10, 'Federación');
INSERT INTO `biartet_venezuela_ciudades` (`id`, `municipio_id`, `nombre`) VALUES (414, 112, 'Churuguara');
INSERT INTO `biartet_venezuela_ciudades` (`id`, `municipio_id`, `nombre`) VALUES (415, 112, 'Agua Larga');
INSERT INTO `biartet_venezuela_ciudades` (`id`, `municipio_id`, `nombre`) VALUES (416, 112, 'El Paují');
INSERT INTO `biartet_venezuela_ciudades` (`id`, `municipio_id`, `nombre`) VALUES (417, 112, 'Independencia');
INSERT INTO `biartet_venezuela_ciudades` (`id`, `municipio_id`, `nombre`) VALUES (418, 112, 'Mapararí');
INSERT INTO `biartet_venezuela_municipios` (`id`, `estado_id`, `nombre`) VALUES (113, 10, 'Jacura');
INSERT INTO `biartet_venezuela_ciudades` (`id`, `municipio_id`, `nombre`) VALUES (419, 113, 'Jacura');
INSERT INTO `biartet_venezuela_ciudades` (`id`, `municipio_id`, `nombre`) VALUES (420, 113, 'Agua Linda');
INSERT INTO `biartet_venezuela_ciudades` (`id`, `municipio_id`, `nombre`) VALUES (421, 113, 'Araurima');
INSERT INTO `biartet_venezuela_municipios` (`id`, `estado_id`, `nombre`) VALUES (114, 10, 'Los Taques');
INSERT INTO `biartet_venezuela_ciudades` (`id`, `municipio_id`, `nombre`) VALUES (422, 114, 'Santa Cruz de Los Taques');
INSERT INTO `biartet_venezuela_ciudades` (`id`, `municipio_id`, `nombre`) VALUES (423, 114, 'Los Taques');
INSERT INTO `biartet_venezuela_ciudades` (`id`, `municipio_id`, `nombre`) VALUES (424, 114, 'Judibana');
INSERT INTO `biartet_venezuela_municipios` (`id`, `estado_id`, `nombre`) VALUES (115, 10, 'Manaure');
INSERT INTO `biartet_venezuela_ciudades` (`id`, `municipio_id`, `nombre`) VALUES (425, 115, 'Yaracal');
INSERT INTO `biartet_venezuela_ciudades` (`id`, `municipio_id`, `nombre`) VALUES (426, 115, 'Cacique Manaure');
INSERT INTO `biartet_venezuela_municipios` (`id`, `estado_id`, `nombre`) VALUES (116, 10, 'Mauroa');
INSERT INTO `biartet_venezuela_ciudades` (`id`, `municipio_id`, `nombre`) VALUES (427, 116, 'Mene de Mauroa');
INSERT INTO `biartet_venezuela_ciudades` (`id`, `municipio_id`, `nombre`) VALUES (428, 116, 'San Félix');
INSERT INTO `biartet_venezuela_ciudades` (`id`, `municipio_id`, `nombre`) VALUES (429, 116, 'Casigua');
INSERT INTO `biartet_venezuela_municipios` (`id`, `estado_id`, `nombre`) VALUES (117, 10, 'Miranda');
INSERT INTO `biartet_venezuela_ciudades` (`id`, `municipio_id`, `nombre`) VALUES (430, 117, 'Santa Ana de Coro');
INSERT INTO `biartet_venezuela_ciudades` (`id`, `municipio_id`, `nombre`) VALUES (431, 117, 'Guzmán Guillermo');
INSERT INTO `biartet_venezuela_ciudades` (`id`, `municipio_id`, `nombre`) VALUES (432, 117, 'Mitare');
INSERT INTO `biartet_venezuela_ciudades` (`id`, `municipio_id`, `nombre`) VALUES (433, 117, 'Río Seco');
INSERT INTO `biartet_venezuela_ciudades` (`id`, `municipio_id`, `nombre`) VALUES (434, 117, 'Sabaneta');
INSERT INTO `biartet_venezuela_ciudades` (`id`, `municipio_id`, `nombre`) VALUES (435, 117, 'San Antonio');
INSERT INTO `biartet_venezuela_ciudades` (`id`, `municipio_id`, `nombre`) VALUES (436, 117, 'San Gabriel');
INSERT INTO `biartet_venezuela_ciudades` (`id`, `municipio_id`, `nombre`) VALUES (437, 117, 'Santa Ana');
INSERT INTO `biartet_venezuela_municipios` (`id`, `estado_id`, `nombre`) VALUES (118, 10, 'Monseñor Iturriza');
INSERT INTO `biartet_venezuela_ciudades` (`id`, `municipio_id`, `nombre`) VALUES (438, 118, 'Chichiriviche');
INSERT INTO `biartet_venezuela_ciudades` (`id`, `municipio_id`, `nombre`) VALUES (439, 118, 'Boca del Tocuyo');
INSERT INTO `biartet_venezuela_ciudades` (`id`, `municipio_id`, `nombre`) VALUES (440, 118, 'Tocuyo de la Costa');
INSERT INTO `biartet_venezuela_municipios` (`id`, `estado_id`, `nombre`) VALUES (119, 10, 'Palmasola');
INSERT INTO `biartet_venezuela_ciudades` (`id`, `municipio_id`, `nombre`) VALUES (441, 119, 'Palmasola');
INSERT INTO `biartet_venezuela_municipios` (`id`, `estado_id`, `nombre`) VALUES (120, 10, 'Petit');
INSERT INTO `biartet_venezuela_ciudades` (`id`, `municipio_id`, `nombre`) VALUES (442, 120, 'Cabure');
INSERT INTO `biartet_venezuela_ciudades` (`id`, `municipio_id`, `nombre`) VALUES (443, 120, 'Colina');
INSERT INTO `biartet_venezuela_ciudades` (`id`, `municipio_id`, `nombre`) VALUES (444, 120, 'Curimagua');
INSERT INTO `biartet_venezuela_municipios` (`id`, `estado_id`, `nombre`) VALUES (121, 10, 'Píritu');
INSERT INTO `biartet_venezuela_ciudades` (`id`, `municipio_id`, `nombre`) VALUES (445, 121, 'Píritu');
INSERT INTO `biartet_venezuela_ciudades` (`id`, `municipio_id`, `nombre`) VALUES (446, 121, 'San José de la Costa');
INSERT INTO `biartet_venezuela_municipios` (`id`, `estado_id`, `nombre`) VALUES (122, 10, 'San Francisco');
INSERT INTO `biartet_venezuela_ciudades` (`id`, `municipio_id`, `nombre`) VALUES (447, 122, 'Mirimire');
INSERT INTO `biartet_venezuela_ciudades` (`id`, `municipio_id`, `nombre`) VALUES (448, 122, 'Capital San Francisco');
INSERT INTO `biartet_venezuela_municipios` (`id`, `estado_id`, `nombre`) VALUES (123, 10, 'Sucre');
INSERT INTO `biartet_venezuela_ciudades` (`id`, `municipio_id`, `nombre`) VALUES (449, 123, 'La Cruz de Taratara');
INSERT INTO `biartet_venezuela_ciudades` (`id`, `municipio_id`, `nombre`) VALUES (450, 123, 'Sucre');
INSERT INTO `biartet_venezuela_ciudades` (`id`, `municipio_id`, `nombre`) VALUES (451, 123, 'Pecaya');
INSERT INTO `biartet_venezuela_municipios` (`id`, `estado_id`, `nombre`) VALUES (124, 10, 'Silva');
INSERT INTO `biartet_venezuela_ciudades` (`id`, `municipio_id`, `nombre`) VALUES (452, 124, 'Tucacas');
INSERT INTO `biartet_venezuela_ciudades` (`id`, `municipio_id`, `nombre`) VALUES (453, 124, 'Boca de Aroa');
INSERT INTO `biartet_venezuela_municipios` (`id`, `estado_id`, `nombre`) VALUES (125, 10, 'Tocópero');
INSERT INTO `biartet_venezuela_ciudades` (`id`, `municipio_id`, `nombre`) VALUES (454, 125, 'Tocópero');
INSERT INTO `biartet_venezuela_municipios` (`id`, `estado_id`, `nombre`) VALUES (126, 10, 'Unión');
INSERT INTO `biartet_venezuela_ciudades` (`id`, `municipio_id`, `nombre`) VALUES (455, 126, 'Santa Cruz de Bucaral');
INSERT INTO `biartet_venezuela_ciudades` (`id`, `municipio_id`, `nombre`) VALUES (456, 126, 'El Charal');
INSERT INTO `biartet_venezuela_ciudades` (`id`, `municipio_id`, `nombre`) VALUES (457, 126, 'Las Vegas del Tuy');
INSERT INTO `biartet_venezuela_municipios` (`id`, `estado_id`, `nombre`) VALUES (127, 10, 'Urumaco');
INSERT INTO `biartet_venezuela_ciudades` (`id`, `municipio_id`, `nombre`) VALUES (458, 127, 'Urumaco');
INSERT INTO `biartet_venezuela_ciudades` (`id`, `municipio_id`, `nombre`) VALUES (459, 127, 'Bruzual');
INSERT INTO `biartet_venezuela_municipios` (`id`, `estado_id`, `nombre`) VALUES (128, 10, 'Zamora');
INSERT INTO `biartet_venezuela_ciudades` (`id`, `municipio_id`, `nombre`) VALUES (460, 128, 'Puerto Cumarebo');
INSERT INTO `biartet_venezuela_ciudades` (`id`, `municipio_id`, `nombre`) VALUES (461, 128, 'La Ciénaga');
INSERT INTO `biartet_venezuela_ciudades` (`id`, `municipio_id`, `nombre`) VALUES (462, 128, 'La Soledad');
INSERT INTO `biartet_venezuela_ciudades` (`id`, `municipio_id`, `nombre`) VALUES (463, 128, 'Pueblo Cumarebo');
INSERT INTO `biartet_venezuela_ciudades` (`id`, `municipio_id`, `nombre`) VALUES (464, 128, 'Zazárida');
INSERT INTO `biartet_venezuela_municipios` (`id`, `estado_id`, `nombre`) VALUES (129, 11, 'Camaguán');
INSERT INTO `biartet_venezuela_ciudades` (`id`, `municipio_id`, `nombre`) VALUES (465, 129, 'Camaguán');
INSERT INTO `biartet_venezuela_ciudades` (`id`, `municipio_id`, `nombre`) VALUES (466, 129, 'Puerto Miranda');
INSERT INTO `biartet_venezuela_ciudades` (`id`, `municipio_id`, `nombre`) VALUES (467, 129, 'Uverito');
INSERT INTO `biartet_venezuela_municipios` (`id`, `estado_id`, `nombre`) VALUES (130, 11, 'Chaguaramas');
INSERT INTO `biartet_venezuela_ciudades` (`id`, `municipio_id`, `nombre`) VALUES (468, 130, 'Chaguaramas');
INSERT INTO `biartet_venezuela_municipios` (`id`, `estado_id`, `nombre`) VALUES (131, 11, 'El Socorro');
INSERT INTO `biartet_venezuela_ciudades` (`id`, `municipio_id`, `nombre`) VALUES (469, 131, 'El Socorro');
INSERT INTO `biartet_venezuela_municipios` (`id`, `estado_id`, `nombre`) VALUES (132, 11, 'Infante');
INSERT INTO `biartet_venezuela_ciudades` (`id`, `municipio_id`, `nombre`) VALUES (470, 132, 'Valle de La Pascua');
INSERT INTO `biartet_venezuela_ciudades` (`id`, `municipio_id`, `nombre`) VALUES (471, 132, 'Espino');
INSERT INTO `biartet_venezuela_municipios` (`id`, `estado_id`, `nombre`) VALUES (133, 11, 'Las Mercedes');
INSERT INTO `biartet_venezuela_ciudades` (`id`, `municipio_id`, `nombre`) VALUES (472, 133, 'Las Mercedes');
INSERT INTO `biartet_venezuela_ciudades` (`id`, `municipio_id`, `nombre`) VALUES (473, 133, 'Cabruta');
INSERT INTO `biartet_venezuela_ciudades` (`id`, `municipio_id`, `nombre`) VALUES (474, 133, 'Santa Rita de Manapire');
INSERT INTO `biartet_venezuela_municipios` (`id`, `estado_id`, `nombre`) VALUES (134, 11, 'Mellado');
INSERT INTO `biartet_venezuela_ciudades` (`id`, `municipio_id`, `nombre`) VALUES (475, 134, 'El Sombrero');
INSERT INTO `biartet_venezuela_ciudades` (`id`, `municipio_id`, `nombre`) VALUES (476, 134, 'Sosa');
INSERT INTO `biartet_venezuela_municipios` (`id`, `estado_id`, `nombre`) VALUES (135, 11, 'Miranda');
INSERT INTO `biartet_venezuela_ciudades` (`id`, `municipio_id`, `nombre`) VALUES (477, 135, 'Calabozo');
INSERT INTO `biartet_venezuela_ciudades` (`id`, `municipio_id`, `nombre`) VALUES (478, 135, 'El Calvario');
INSERT INTO `biartet_venezuela_ciudades` (`id`, `municipio_id`, `nombre`) VALUES (479, 135, 'El Rastro');
INSERT INTO `biartet_venezuela_ciudades` (`id`, `municipio_id`, `nombre`) VALUES (480, 135, 'Guardatinajas');
INSERT INTO `biartet_venezuela_ciudades` (`id`, `municipio_id`, `nombre`) VALUES (481, 135, 'Capital Urbana Calabozo');
INSERT INTO `biartet_venezuela_municipios` (`id`, `estado_id`, `nombre`) VALUES (136, 11, 'Monagas');
INSERT INTO `biartet_venezuela_ciudades` (`id`, `municipio_id`, `nombre`) VALUES (482, 136, 'Altagracia de Orituco');
INSERT INTO `biartet_venezuela_ciudades` (`id`, `municipio_id`, `nombre`) VALUES (483, 136, 'San Rafael de Orituco');
INSERT INTO `biartet_venezuela_ciudades` (`id`, `municipio_id`, `nombre`) VALUES (484, 136, 'San Francisco Javier de Lezama');
INSERT INTO `biartet_venezuela_ciudades` (`id`, `municipio_id`, `nombre`) VALUES (485, 136, 'Paso Real de Macaira');
INSERT INTO `biartet_venezuela_ciudades` (`id`, `municipio_id`, `nombre`) VALUES (486, 136, 'Carlos Soublette');
INSERT INTO `biartet_venezuela_ciudades` (`id`, `municipio_id`, `nombre`) VALUES (487, 136, 'San Francisco de Macaira');
INSERT INTO `biartet_venezuela_ciudades` (`id`, `municipio_id`, `nombre`) VALUES (488, 136, 'Libertad de Orituco');
INSERT INTO `biartet_venezuela_municipios` (`id`, `estado_id`, `nombre`) VALUES (137, 11, 'Ortiz');
INSERT INTO `biartet_venezuela_ciudades` (`id`, `municipio_id`, `nombre`) VALUES (489, 137, 'Ortiz');
INSERT INTO `biartet_venezuela_ciudades` (`id`, `municipio_id`, `nombre`) VALUES (490, 137, 'San José de Tiznados');
INSERT INTO `biartet_venezuela_ciudades` (`id`, `municipio_id`, `nombre`) VALUES (491, 137, 'San Francisco de Tiznados');
INSERT INTO `biartet_venezuela_ciudades` (`id`, `municipio_id`, `nombre`) VALUES (492, 137, 'San Lorenzo de Tiznados');
INSERT INTO `biartet_venezuela_municipios` (`id`, `estado_id`, `nombre`) VALUES (138, 11, 'Ribas');
INSERT INTO `biartet_venezuela_ciudades` (`id`, `municipio_id`, `nombre`) VALUES (493, 138, 'Tucupido');
INSERT INTO `biartet_venezuela_ciudades` (`id`, `municipio_id`, `nombre`) VALUES (494, 138, 'San Rafael de Laya');
INSERT INTO `biartet_venezuela_municipios` (`id`, `estado_id`, `nombre`) VALUES (139, 11, 'Roscio');
INSERT INTO `biartet_venezuela_ciudades` (`id`, `municipio_id`, `nombre`) VALUES (495, 139, 'San Juan de Los Morros');
INSERT INTO `biartet_venezuela_ciudades` (`id`, `municipio_id`, `nombre`) VALUES (496, 139, 'Cantagallo');
INSERT INTO `biartet_venezuela_ciudades` (`id`, `municipio_id`, `nombre`) VALUES (497, 139, 'Parapara');
INSERT INTO `biartet_venezuela_municipios` (`id`, `estado_id`, `nombre`) VALUES (140, 11, 'San Gerónimo de Guayabal');
INSERT INTO `biartet_venezuela_ciudades` (`id`, `municipio_id`, `nombre`) VALUES (498, 140, 'Guayabal');
INSERT INTO `biartet_venezuela_ciudades` (`id`, `municipio_id`, `nombre`) VALUES (499, 140, 'Cazorla');
INSERT INTO `biartet_venezuela_municipios` (`id`, `estado_id`, `nombre`) VALUES (141, 11, 'San José de Guaribe');
INSERT INTO `biartet_venezuela_ciudades` (`id`, `municipio_id`, `nombre`) VALUES (500, 141, 'San José de Guaribe');
INSERT INTO `biartet_venezuela_ciudades` (`id`, `municipio_id`, `nombre`) VALUES (501, 141, 'Uveral');
INSERT INTO `biartet_venezuela_municipios` (`id`, `estado_id`, `nombre`) VALUES (142, 11, 'Santa María de Ipire');
INSERT INTO `biartet_venezuela_ciudades` (`id`, `municipio_id`, `nombre`) VALUES (502, 142, 'Santa María de Ipire');
INSERT INTO `biartet_venezuela_ciudades` (`id`, `municipio_id`, `nombre`) VALUES (503, 142, 'Altamira');
INSERT INTO `biartet_venezuela_municipios` (`id`, `estado_id`, `nombre`) VALUES (143, 11, 'Zaraza');
INSERT INTO `biartet_venezuela_ciudades` (`id`, `municipio_id`, `nombre`) VALUES (504, 143, 'Zaraza');
INSERT INTO `biartet_venezuela_ciudades` (`id`, `municipio_id`, `nombre`) VALUES (505, 143, 'Unare');
INSERT INTO `biartet_venezuela_municipios` (`id`, `estado_id`, `nombre`) VALUES (144, 12, 'Andrés Eloy Blanco');
INSERT INTO `biartet_venezuela_ciudades` (`id`, `municipio_id`, `nombre`) VALUES (506, 144, 'Sanare');
INSERT INTO `biartet_venezuela_ciudades` (`id`, `municipio_id`, `nombre`) VALUES (507, 144, 'Quebrada Honda de Guache');
INSERT INTO `biartet_venezuela_ciudades` (`id`, `municipio_id`, `nombre`) VALUES (508, 144, 'Pío Tamayo');
INSERT INTO `biartet_venezuela_ciudades` (`id`, `municipio_id`, `nombre`) VALUES (509, 144, 'Yacambú');
INSERT INTO `biartet_venezuela_municipios` (`id`, `estado_id`, `nombre`) VALUES (145, 12, 'Crespo');
INSERT INTO `biartet_venezuela_ciudades` (`id`, `municipio_id`, `nombre`) VALUES (510, 145, 'Duaca');
INSERT INTO `biartet_venezuela_ciudades` (`id`, `municipio_id`, `nombre`) VALUES (511, 145, 'Freitez');
INSERT INTO `biartet_venezuela_ciudades` (`id`, `municipio_id`, `nombre`) VALUES (512, 145, 'José María Blanco');
INSERT INTO `biartet_venezuela_municipios` (`id`, `estado_id`, `nombre`) VALUES (146, 12, 'Iribarren');
INSERT INTO `biartet_venezuela_ciudades` (`id`, `municipio_id`, `nombre`) VALUES (513, 146, 'Barquisimeto');
INSERT INTO `biartet_venezuela_ciudades` (`id`, `municipio_id`, `nombre`) VALUES (514, 146, 'Catedral');
INSERT INTO `biartet_venezuela_ciudades` (`id`, `municipio_id`, `nombre`) VALUES (515, 146, 'Concepción');
INSERT INTO `biartet_venezuela_ciudades` (`id`, `municipio_id`, `nombre`) VALUES (516, 146, 'El Cují');
INSERT INTO `biartet_venezuela_ciudades` (`id`, `municipio_id`, `nombre`) VALUES (517, 146, 'Juan de Villegas');
INSERT INTO `biartet_venezuela_ciudades` (`id`, `municipio_id`, `nombre`) VALUES (518, 146, 'Santa Rosa');
INSERT INTO `biartet_venezuela_ciudades` (`id`, `municipio_id`, `nombre`) VALUES (519, 146, 'Tamaca');
INSERT INTO `biartet_venezuela_ciudades` (`id`, `municipio_id`, `nombre`) VALUES (520, 146, 'Unión');
INSERT INTO `biartet_venezuela_ciudades` (`id`, `municipio_id`, `nombre`) VALUES (521, 146, 'Aguedo Felipe Alvarado');
INSERT INTO `biartet_venezuela_ciudades` (`id`, `municipio_id`, `nombre`) VALUES (522, 146, 'Buena Vista');
INSERT INTO `biartet_venezuela_ciudades` (`id`, `municipio_id`, `nombre`) VALUES (523, 146, 'Juárez');
INSERT INTO `biartet_venezuela_municipios` (`id`, `estado_id`, `nombre`) VALUES (147, 12, 'Jiménez');
INSERT INTO `biartet_venezuela_ciudades` (`id`, `municipio_id`, `nombre`) VALUES (524, 147, 'Quibor');
INSERT INTO `biartet_venezuela_ciudades` (`id`, `municipio_id`, `nombre`) VALUES (525, 147, 'Juan Bautista Rodríguez');
INSERT INTO `biartet_venezuela_ciudades` (`id`, `municipio_id`, `nombre`) VALUES (526, 147, 'Cuara');
INSERT INTO `biartet_venezuela_ciudades` (`id`, `municipio_id`, `nombre`) VALUES (527, 147, 'Diego de Lozada');
INSERT INTO `biartet_venezuela_ciudades` (`id`, `municipio_id`, `nombre`) VALUES (528, 147, 'Paraíso de San José');
INSERT INTO `biartet_venezuela_ciudades` (`id`, `municipio_id`, `nombre`) VALUES (529, 147, 'San Miguel');
INSERT INTO `biartet_venezuela_ciudades` (`id`, `municipio_id`, `nombre`) VALUES (530, 147, 'Tintorero');
INSERT INTO `biartet_venezuela_ciudades` (`id`, `municipio_id`, `nombre`) VALUES (531, 147, 'José Bernardo Dorante');
INSERT INTO `biartet_venezuela_ciudades` (`id`, `municipio_id`, `nombre`) VALUES (532, 147, 'Coronel Mariano Peraza');
INSERT INTO `biartet_venezuela_municipios` (`id`, `estado_id`, `nombre`) VALUES (148, 12, 'Morán');
INSERT INTO `biartet_venezuela_ciudades` (`id`, `municipio_id`, `nombre`) VALUES (533, 148, 'El Tocuyo');
INSERT INTO `biartet_venezuela_ciudades` (`id`, `municipio_id`, `nombre`) VALUES (534, 148, 'Anzoátegui');
INSERT INTO `biartet_venezuela_ciudades` (`id`, `municipio_id`, `nombre`) VALUES (535, 148, 'Bolívar');
INSERT INTO `biartet_venezuela_ciudades` (`id`, `municipio_id`, `nombre`) VALUES (536, 148, 'Guárico');
INSERT INTO `biartet_venezuela_ciudades` (`id`, `municipio_id`, `nombre`) VALUES (537, 148, 'Hilario Luna y Luna');
INSERT INTO `biartet_venezuela_ciudades` (`id`, `municipio_id`, `nombre`) VALUES (538, 148, 'Humocaro Bajo');
INSERT INTO `biartet_venezuela_ciudades` (`id`, `municipio_id`, `nombre`) VALUES (539, 148, 'Humocaro Alto');
INSERT INTO `biartet_venezuela_ciudades` (`id`, `municipio_id`, `nombre`) VALUES (540, 148, 'La Candelaria');
INSERT INTO `biartet_venezuela_ciudades` (`id`, `municipio_id`, `nombre`) VALUES (541, 148, 'Morán');
INSERT INTO `biartet_venezuela_municipios` (`id`, `estado_id`, `nombre`) VALUES (149, 12, 'Palavecino');
INSERT INTO `biartet_venezuela_ciudades` (`id`, `municipio_id`, `nombre`) VALUES (542, 149, 'Cabudare');
INSERT INTO `biartet_venezuela_ciudades` (`id`, `municipio_id`, `nombre`) VALUES (543, 149, 'José Gregorio Bastidas');
INSERT INTO `biartet_venezuela_ciudades` (`id`, `municipio_id`, `nombre`) VALUES (544, 149, 'Agua Viva');
INSERT INTO `biartet_venezuela_municipios` (`id`, `estado_id`, `nombre`) VALUES (150, 12, 'Simón Planas');
INSERT INTO `biartet_venezuela_ciudades` (`id`, `municipio_id`, `nombre`) VALUES (545, 150, 'Sarare');
INSERT INTO `biartet_venezuela_ciudades` (`id`, `municipio_id`, `nombre`) VALUES (546, 150, 'Buría');
INSERT INTO `biartet_venezuela_ciudades` (`id`, `municipio_id`, `nombre`) VALUES (547, 150, 'Gustavo Vega');
INSERT INTO `biartet_venezuela_municipios` (`id`, `estado_id`, `nombre`) VALUES (151, 12, 'Torres');
INSERT INTO `biartet_venezuela_ciudades` (`id`, `municipio_id`, `nombre`) VALUES (548, 151, 'Carora');
INSERT INTO `biartet_venezuela_ciudades` (`id`, `municipio_id`, `nombre`) VALUES (549, 151, 'Altagracia');
INSERT INTO `biartet_venezuela_ciudades` (`id`, `municipio_id`, `nombre`) VALUES (550, 151, 'Antonio Díaz');
INSERT INTO `biartet_venezuela_ciudades` (`id`, `municipio_id`, `nombre`) VALUES (551, 151, 'Camacaro');
INSERT INTO `biartet_venezuela_ciudades` (`id`, `municipio_id`, `nombre`) VALUES (552, 151, 'Castañeda');
INSERT INTO `biartet_venezuela_ciudades` (`id`, `municipio_id`, `nombre`) VALUES (553, 151, 'Cecilio Zubillaga');
INSERT INTO `biartet_venezuela_ciudades` (`id`, `municipio_id`, `nombre`) VALUES (554, 151, 'Chiquinquira');
INSERT INTO `biartet_venezuela_ciudades` (`id`, `municipio_id`, `nombre`) VALUES (555, 151, 'El Blanco');
INSERT INTO `biartet_venezuela_ciudades` (`id`, `municipio_id`, `nombre`) VALUES (556, 151, 'Espinoza de los Monteros');
INSERT INTO `biartet_venezuela_ciudades` (`id`, `municipio_id`, `nombre`) VALUES (557, 151, 'Heriberto Arrollo');
INSERT INTO `biartet_venezuela_ciudades` (`id`, `municipio_id`, `nombre`) VALUES (558, 151, 'Lara');
INSERT INTO `biartet_venezuela_ciudades` (`id`, `municipio_id`, `nombre`) VALUES (559, 151, 'Las Mercedes');
INSERT INTO `biartet_venezuela_ciudades` (`id`, `municipio_id`, `nombre`) VALUES (560, 151, 'Manuel Morillo');
INSERT INTO `biartet_venezuela_ciudades` (`id`, `municipio_id`, `nombre`) VALUES (561, 151, 'Montaña Verde');
INSERT INTO `biartet_venezuela_ciudades` (`id`, `municipio_id`, `nombre`) VALUES (562, 151, 'Montes de Oca');
INSERT INTO `biartet_venezuela_ciudades` (`id`, `municipio_id`, `nombre`) VALUES (563, 151, 'Reyes de Vargas');
INSERT INTO `biartet_venezuela_ciudades` (`id`, `municipio_id`, `nombre`) VALUES (564, 151, 'Torres');
INSERT INTO `biartet_venezuela_ciudades` (`id`, `municipio_id`, `nombre`) VALUES (565, 151, 'Trinidad Samuel');
INSERT INTO `biartet_venezuela_municipios` (`id`, `estado_id`, `nombre`) VALUES (152, 12, 'Urdaneta');
INSERT INTO `biartet_venezuela_ciudades` (`id`, `municipio_id`, `nombre`) VALUES (566, 152, 'Siquisique');
INSERT INTO `biartet_venezuela_ciudades` (`id`, `municipio_id`, `nombre`) VALUES (567, 152, 'San Miguel');
INSERT INTO `biartet_venezuela_ciudades` (`id`, `municipio_id`, `nombre`) VALUES (568, 152, 'Moroturo');
INSERT INTO `biartet_venezuela_ciudades` (`id`, `municipio_id`, `nombre`) VALUES (569, 152, 'Xaguas');
INSERT INTO `biartet_venezuela_municipios` (`id`, `estado_id`, `nombre`) VALUES (153, 13, 'Alberto Adriani');
INSERT INTO `biartet_venezuela_ciudades` (`id`, `municipio_id`, `nombre`) VALUES (570, 153, 'El Vigía');
INSERT INTO `biartet_venezuela_ciudades` (`id`, `municipio_id`, `nombre`) VALUES (571, 153, 'Presidente Betancourt');
INSERT INTO `biartet_venezuela_ciudades` (`id`, `municipio_id`, `nombre`) VALUES (572, 153, 'Presidente Páez');
INSERT INTO `biartet_venezuela_ciudades` (`id`, `municipio_id`, `nombre`) VALUES (573, 153, 'Presidente Rómulo Gallegos');
INSERT INTO `biartet_venezuela_ciudades` (`id`, `municipio_id`, `nombre`) VALUES (574, 153, 'Gabriel Picón González');
INSERT INTO `biartet_venezuela_ciudades` (`id`, `municipio_id`, `nombre`) VALUES (575, 153, 'Héctor Amable Mora');
INSERT INTO `biartet_venezuela_ciudades` (`id`, `municipio_id`, `nombre`) VALUES (576, 153, 'José Nucete Sardi');
INSERT INTO `biartet_venezuela_ciudades` (`id`, `municipio_id`, `nombre`) VALUES (577, 153, 'Pulido Méndez');
INSERT INTO `biartet_venezuela_municipios` (`id`, `estado_id`, `nombre`) VALUES (154, 13, 'Andrés Bello');
INSERT INTO `biartet_venezuela_ciudades` (`id`, `municipio_id`, `nombre`) VALUES (578, 154, 'La Azulita');
INSERT INTO `biartet_venezuela_municipios` (`id`, `estado_id`, `nombre`) VALUES (155, 13, 'Antonio Pinto Salinas');
INSERT INTO `biartet_venezuela_ciudades` (`id`, `municipio_id`, `nombre`) VALUES (579, 155, 'Santa Cruz de Mora');
INSERT INTO `biartet_venezuela_ciudades` (`id`, `municipio_id`, `nombre`) VALUES (580, 155, 'Mesa Bolívar');
INSERT INTO `biartet_venezuela_ciudades` (`id`, `municipio_id`, `nombre`) VALUES (581, 155, 'Mesa de Las Palmas');
INSERT INTO `biartet_venezuela_municipios` (`id`, `estado_id`, `nombre`) VALUES (156, 13, 'Aricagua');
INSERT INTO `biartet_venezuela_ciudades` (`id`, `municipio_id`, `nombre`) VALUES (582, 156, 'Aricagua');
INSERT INTO `biartet_venezuela_ciudades` (`id`, `municipio_id`, `nombre`) VALUES (583, 156, 'San Antonio');
INSERT INTO `biartet_venezuela_municipios` (`id`, `estado_id`, `nombre`) VALUES (157, 13, 'Arzobispo Chacón');
INSERT INTO `biartet_venezuela_ciudades` (`id`, `municipio_id`, `nombre`) VALUES (584, 157, 'Canaguá');
INSERT INTO `biartet_venezuela_ciudades` (`id`, `municipio_id`, `nombre`) VALUES (585, 157, 'Canagua');
INSERT INTO `biartet_venezuela_ciudades` (`id`, `municipio_id`, `nombre`) VALUES (586, 157, 'Capurí');
INSERT INTO `biartet_venezuela_ciudades` (`id`, `municipio_id`, `nombre`) VALUES (587, 157, 'Chacantá');
INSERT INTO `biartet_venezuela_ciudades` (`id`, `municipio_id`, `nombre`) VALUES (588, 157, 'El Molino');
INSERT INTO `biartet_venezuela_ciudades` (`id`, `municipio_id`, `nombre`) VALUES (589, 157, 'Guaimaral');
INSERT INTO `biartet_venezuela_ciudades` (`id`, `municipio_id`, `nombre`) VALUES (590, 157, 'Mucutuy');
INSERT INTO `biartet_venezuela_ciudades` (`id`, `municipio_id`, `nombre`) VALUES (591, 157, 'Mucuchachí');
INSERT INTO `biartet_venezuela_municipios` (`id`, `estado_id`, `nombre`) VALUES (158, 13, 'Campo Elías');
INSERT INTO `biartet_venezuela_ciudades` (`id`, `municipio_id`, `nombre`) VALUES (592, 158, 'Ejido');
INSERT INTO `biartet_venezuela_ciudades` (`id`, `municipio_id`, `nombre`) VALUES (593, 158, 'Fernández Peña');
INSERT INTO `biartet_venezuela_ciudades` (`id`, `municipio_id`, `nombre`) VALUES (594, 158, 'Matriz');
INSERT INTO `biartet_venezuela_ciudades` (`id`, `municipio_id`, `nombre`) VALUES (595, 158, 'Montalbán');
INSERT INTO `biartet_venezuela_ciudades` (`id`, `municipio_id`, `nombre`) VALUES (596, 158, 'Acequias');
INSERT INTO `biartet_venezuela_ciudades` (`id`, `municipio_id`, `nombre`) VALUES (597, 158, 'Jají');
INSERT INTO `biartet_venezuela_ciudades` (`id`, `municipio_id`, `nombre`) VALUES (598, 158, 'La Mesa');
INSERT INTO `biartet_venezuela_ciudades` (`id`, `municipio_id`, `nombre`) VALUES (599, 158, 'San José del Sur');
INSERT INTO `biartet_venezuela_municipios` (`id`, `estado_id`, `nombre`) VALUES (159, 13, 'Caracciolo Parra Olmedo');
INSERT INTO `biartet_venezuela_ciudades` (`id`, `municipio_id`, `nombre`) VALUES (600, 159, 'Tucaní');
INSERT INTO `biartet_venezuela_ciudades` (`id`, `municipio_id`, `nombre`) VALUES (601, 159, 'Florencio Ramírez');
INSERT INTO `biartet_venezuela_municipios` (`id`, `estado_id`, `nombre`) VALUES (160, 13, 'Cardenal Quintero');
INSERT INTO `biartet_venezuela_ciudades` (`id`, `municipio_id`, `nombre`) VALUES (602, 160, 'Santo Domingo');
INSERT INTO `biartet_venezuela_ciudades` (`id`, `municipio_id`, `nombre`) VALUES (603, 160, 'Las Piedras');
INSERT INTO `biartet_venezuela_municipios` (`id`, `estado_id`, `nombre`) VALUES (161, 13, 'Guaraque');
INSERT INTO `biartet_venezuela_ciudades` (`id`, `municipio_id`, `nombre`) VALUES (604, 161, 'Guaraque');
INSERT INTO `biartet_venezuela_ciudades` (`id`, `municipio_id`, `nombre`) VALUES (605, 161, 'Mesa de Quintero');
INSERT INTO `biartet_venezuela_ciudades` (`id`, `municipio_id`, `nombre`) VALUES (606, 161, 'Río Negro');
INSERT INTO `biartet_venezuela_municipios` (`id`, `estado_id`, `nombre`) VALUES (162, 13, 'Julio César Salas');
INSERT INTO `biartet_venezuela_ciudades` (`id`, `municipio_id`, `nombre`) VALUES (607, 162, 'Arapuey');
INSERT INTO `biartet_venezuela_ciudades` (`id`, `municipio_id`, `nombre`) VALUES (608, 162, 'Palmira');
INSERT INTO `biartet_venezuela_municipios` (`id`, `estado_id`, `nombre`) VALUES (163, 13, 'Justo Briceño');
INSERT INTO `biartet_venezuela_ciudades` (`id`, `municipio_id`, `nombre`) VALUES (609, 163, 'Torondoy');
INSERT INTO `biartet_venezuela_ciudades` (`id`, `municipio_id`, `nombre`) VALUES (610, 163, 'San Cristóbal de Torondoy');
INSERT INTO `biartet_venezuela_municipios` (`id`, `estado_id`, `nombre`) VALUES (164, 13, 'Libertador');
INSERT INTO `biartet_venezuela_ciudades` (`id`, `municipio_id`, `nombre`) VALUES (611, 164, 'Mérida');
INSERT INTO `biartet_venezuela_ciudades` (`id`, `municipio_id`, `nombre`) VALUES (612, 164, 'Antonio Spinetti Dini');
INSERT INTO `biartet_venezuela_ciudades` (`id`, `municipio_id`, `nombre`) VALUES (613, 164, 'Arias');
INSERT INTO `biartet_venezuela_ciudades` (`id`, `municipio_id`, `nombre`) VALUES (614, 164, 'Caracciolo Parra Pérez');
INSERT INTO `biartet_venezuela_ciudades` (`id`, `municipio_id`, `nombre`) VALUES (615, 164, 'Domingo Peña');
INSERT INTO `biartet_venezuela_ciudades` (`id`, `municipio_id`, `nombre`) VALUES (616, 164, 'El Llano');
INSERT INTO `biartet_venezuela_ciudades` (`id`, `municipio_id`, `nombre`) VALUES (617, 164, 'Gonzalo Picón Febres');
INSERT INTO `biartet_venezuela_ciudades` (`id`, `municipio_id`, `nombre`) VALUES (618, 164, 'Jacinto Plaza');
INSERT INTO `biartet_venezuela_ciudades` (`id`, `municipio_id`, `nombre`) VALUES (619, 164, 'Juan Rodríguez Suárez');
INSERT INTO `biartet_venezuela_ciudades` (`id`, `municipio_id`, `nombre`) VALUES (620, 164, 'Lasso de la Vega');
INSERT INTO `biartet_venezuela_ciudades` (`id`, `municipio_id`, `nombre`) VALUES (621, 164, 'Mariano Picón Salas');
INSERT INTO `biartet_venezuela_ciudades` (`id`, `municipio_id`, `nombre`) VALUES (622, 164, 'Milla');
INSERT INTO `biartet_venezuela_ciudades` (`id`, `municipio_id`, `nombre`) VALUES (623, 164, 'Osuna Rodríguez');
INSERT INTO `biartet_venezuela_ciudades` (`id`, `municipio_id`, `nombre`) VALUES (624, 164, 'Sagrario');
INSERT INTO `biartet_venezuela_ciudades` (`id`, `municipio_id`, `nombre`) VALUES (625, 164, 'El Morro');
INSERT INTO `biartet_venezuela_ciudades` (`id`, `municipio_id`, `nombre`) VALUES (626, 164, 'Los Nevados');
INSERT INTO `biartet_venezuela_municipios` (`id`, `estado_id`, `nombre`) VALUES (165, 13, 'Miranda');
INSERT INTO `biartet_venezuela_ciudades` (`id`, `municipio_id`, `nombre`) VALUES (627, 165, 'Timotes');
INSERT INTO `biartet_venezuela_ciudades` (`id`, `municipio_id`, `nombre`) VALUES (628, 165, 'Andrés Eloy Blanco');
INSERT INTO `biartet_venezuela_ciudades` (`id`, `municipio_id`, `nombre`) VALUES (629, 165, 'La Venta');
INSERT INTO `biartet_venezuela_ciudades` (`id`, `municipio_id`, `nombre`) VALUES (630, 165, 'Piñango');
INSERT INTO `biartet_venezuela_municipios` (`id`, `estado_id`, `nombre`) VALUES (166, 13, 'Obispo Ramos de Lora');
INSERT INTO `biartet_venezuela_ciudades` (`id`, `municipio_id`, `nombre`) VALUES (631, 166, 'Santa Elena de Arenales');
INSERT INTO `biartet_venezuela_ciudades` (`id`, `municipio_id`, `nombre`) VALUES (632, 166, 'Eloy Paredes');
INSERT INTO `biartet_venezuela_ciudades` (`id`, `municipio_id`, `nombre`) VALUES (633, 166, 'San Rafael de Alcázar');
INSERT INTO `biartet_venezuela_municipios` (`id`, `estado_id`, `nombre`) VALUES (167, 13, 'Padre Noguera');
INSERT INTO `biartet_venezuela_ciudades` (`id`, `municipio_id`, `nombre`) VALUES (634, 167, 'Santa María de Caparo');
INSERT INTO `biartet_venezuela_municipios` (`id`, `estado_id`, `nombre`) VALUES (168, 13, 'Pueblo Llano');
INSERT INTO `biartet_venezuela_ciudades` (`id`, `municipio_id`, `nombre`) VALUES (635, 168, 'Pueblo Llano');
INSERT INTO `biartet_venezuela_municipios` (`id`, `estado_id`, `nombre`) VALUES (169, 13, 'Rangel');
INSERT INTO `biartet_venezuela_ciudades` (`id`, `municipio_id`, `nombre`) VALUES (636, 169, 'Mucuchíes');
INSERT INTO `biartet_venezuela_ciudades` (`id`, `municipio_id`, `nombre`) VALUES (637, 169, 'Cacute');
INSERT INTO `biartet_venezuela_ciudades` (`id`, `municipio_id`, `nombre`) VALUES (638, 169, 'La Toma');
INSERT INTO `biartet_venezuela_ciudades` (`id`, `municipio_id`, `nombre`) VALUES (639, 169, 'Mucurubá');
INSERT INTO `biartet_venezuela_ciudades` (`id`, `municipio_id`, `nombre`) VALUES (640, 169, 'San Rafael');
INSERT INTO `biartet_venezuela_municipios` (`id`, `estado_id`, `nombre`) VALUES (170, 13, 'Rivas Dávila');
INSERT INTO `biartet_venezuela_ciudades` (`id`, `municipio_id`, `nombre`) VALUES (641, 170, 'Bailadores');
INSERT INTO `biartet_venezuela_ciudades` (`id`, `municipio_id`, `nombre`) VALUES (642, 170, 'Gerónimo Maldonado');
INSERT INTO `biartet_venezuela_municipios` (`id`, `estado_id`, `nombre`) VALUES (171, 13, 'Santos Marquina');
INSERT INTO `biartet_venezuela_ciudades` (`id`, `municipio_id`, `nombre`) VALUES (643, 171, 'Tabay');
INSERT INTO `biartet_venezuela_municipios` (`id`, `estado_id`, `nombre`) VALUES (172, 13, 'Sucre');
INSERT INTO `biartet_venezuela_ciudades` (`id`, `municipio_id`, `nombre`) VALUES (644, 172, 'Lagunillas');
INSERT INTO `biartet_venezuela_ciudades` (`id`, `municipio_id`, `nombre`) VALUES (645, 172, 'Chiguará');
INSERT INTO `biartet_venezuela_ciudades` (`id`, `municipio_id`, `nombre`) VALUES (646, 172, 'Estánquez');
INSERT INTO `biartet_venezuela_ciudades` (`id`, `municipio_id`, `nombre`) VALUES (647, 172, 'La Trampa');
INSERT INTO `biartet_venezuela_ciudades` (`id`, `municipio_id`, `nombre`) VALUES (648, 172, 'Pueblo Nuevo del Sur');
INSERT INTO `biartet_venezuela_ciudades` (`id`, `municipio_id`, `nombre`) VALUES (649, 172, 'San Juan');
INSERT INTO `biartet_venezuela_municipios` (`id`, `estado_id`, `nombre`) VALUES (173, 13, 'Tovar');
INSERT INTO `biartet_venezuela_ciudades` (`id`, `municipio_id`, `nombre`) VALUES (650, 173, 'Tovar');
INSERT INTO `biartet_venezuela_ciudades` (`id`, `municipio_id`, `nombre`) VALUES (651, 173, 'El Amparo');
INSERT INTO `biartet_venezuela_ciudades` (`id`, `municipio_id`, `nombre`) VALUES (652, 173, 'El Llano');
INSERT INTO `biartet_venezuela_ciudades` (`id`, `municipio_id`, `nombre`) VALUES (653, 173, 'San Francisco');
INSERT INTO `biartet_venezuela_municipios` (`id`, `estado_id`, `nombre`) VALUES (174, 13, 'Tulio Febres Cordero');
INSERT INTO `biartet_venezuela_ciudades` (`id`, `municipio_id`, `nombre`) VALUES (654, 174, 'Nueva Bolivia');
INSERT INTO `biartet_venezuela_ciudades` (`id`, `municipio_id`, `nombre`) VALUES (655, 174, 'Independencia');
INSERT INTO `biartet_venezuela_ciudades` (`id`, `municipio_id`, `nombre`) VALUES (656, 174, 'María de la Concepción Palacios Blanco');
INSERT INTO `biartet_venezuela_ciudades` (`id`, `municipio_id`, `nombre`) VALUES (657, 174, 'Santa Apolonia');
INSERT INTO `biartet_venezuela_municipios` (`id`, `estado_id`, `nombre`) VALUES (175, 13, 'Zea');
INSERT INTO `biartet_venezuela_ciudades` (`id`, `municipio_id`, `nombre`) VALUES (658, 175, 'Zea');
INSERT INTO `biartet_venezuela_ciudades` (`id`, `municipio_id`, `nombre`) VALUES (659, 175, 'Caño El Tigre');
INSERT INTO `biartet_venezuela_municipios` (`id`, `estado_id`, `nombre`) VALUES (176, 14, 'Acevedo');
INSERT INTO `biartet_venezuela_ciudades` (`id`, `municipio_id`, `nombre`) VALUES (660, 176, 'Caucagua');
INSERT INTO `biartet_venezuela_ciudades` (`id`, `municipio_id`, `nombre`) VALUES (661, 176, 'Aragüita');
INSERT INTO `biartet_venezuela_ciudades` (`id`, `municipio_id`, `nombre`) VALUES (662, 176, 'Arévalo González');
INSERT INTO `biartet_venezuela_ciudades` (`id`, `municipio_id`, `nombre`) VALUES (663, 176, 'Capaya');
INSERT INTO `biartet_venezuela_ciudades` (`id`, `municipio_id`, `nombre`) VALUES (664, 176, 'Panaquire');
INSERT INTO `biartet_venezuela_ciudades` (`id`, `municipio_id`, `nombre`) VALUES (665, 176, 'Ribas');
INSERT INTO `biartet_venezuela_ciudades` (`id`, `municipio_id`, `nombre`) VALUES (666, 176, 'El Café');
INSERT INTO `biartet_venezuela_ciudades` (`id`, `municipio_id`, `nombre`) VALUES (667, 176, 'Marizapa');
INSERT INTO `biartet_venezuela_municipios` (`id`, `estado_id`, `nombre`) VALUES (177, 14, 'Andrés Bello');
INSERT INTO `biartet_venezuela_ciudades` (`id`, `municipio_id`, `nombre`) VALUES (668, 177, 'San José de Barlovento');
INSERT INTO `biartet_venezuela_ciudades` (`id`, `municipio_id`, `nombre`) VALUES (669, 177, 'Cumbo');
INSERT INTO `biartet_venezuela_municipios` (`id`, `estado_id`, `nombre`) VALUES (178, 14, 'Baruta');
INSERT INTO `biartet_venezuela_ciudades` (`id`, `municipio_id`, `nombre`) VALUES (670, 178, 'Baruta');
INSERT INTO `biartet_venezuela_ciudades` (`id`, `municipio_id`, `nombre`) VALUES (671, 178, 'El Cafetal');
INSERT INTO `biartet_venezuela_ciudades` (`id`, `municipio_id`, `nombre`) VALUES (672, 178, 'Las Minas');
INSERT INTO `biartet_venezuela_ciudades` (`id`, `municipio_id`, `nombre`) VALUES (673, 178, 'Nuestra Señora del Rosario');
INSERT INTO `biartet_venezuela_municipios` (`id`, `estado_id`, `nombre`) VALUES (179, 14, 'Brión');
INSERT INTO `biartet_venezuela_ciudades` (`id`, `municipio_id`, `nombre`) VALUES (674, 179, 'Higuerote');
INSERT INTO `biartet_venezuela_ciudades` (`id`, `municipio_id`, `nombre`) VALUES (675, 179, 'Curiepe');
INSERT INTO `biartet_venezuela_ciudades` (`id`, `municipio_id`, `nombre`) VALUES (676, 179, 'Tacarigua de Brión');
INSERT INTO `biartet_venezuela_municipios` (`id`, `estado_id`, `nombre`) VALUES (180, 14, 'Buroz');
INSERT INTO `biartet_venezuela_ciudades` (`id`, `municipio_id`, `nombre`) VALUES (677, 180, 'Mamporal');
INSERT INTO `biartet_venezuela_municipios` (`id`, `estado_id`, `nombre`) VALUES (181, 14, 'Carrizal');
INSERT INTO `biartet_venezuela_ciudades` (`id`, `municipio_id`, `nombre`) VALUES (678, 181, 'Carrizal');
INSERT INTO `biartet_venezuela_municipios` (`id`, `estado_id`, `nombre`) VALUES (182, 14, 'Chacao');
INSERT INTO `biartet_venezuela_ciudades` (`id`, `municipio_id`, `nombre`) VALUES (679, 182, 'Chacao');
INSERT INTO `biartet_venezuela_municipios` (`id`, `estado_id`, `nombre`) VALUES (183, 14, 'Cristóbal Rojas');
INSERT INTO `biartet_venezuela_ciudades` (`id`, `municipio_id`, `nombre`) VALUES (680, 183, 'Charallave');
INSERT INTO `biartet_venezuela_ciudades` (`id`, `municipio_id`, `nombre`) VALUES (681, 183, 'Las Brisas');
INSERT INTO `biartet_venezuela_municipios` (`id`, `estado_id`, `nombre`) VALUES (184, 14, 'El Hatillo');
INSERT INTO `biartet_venezuela_ciudades` (`id`, `municipio_id`, `nombre`) VALUES (682, 184, 'Santa Rosalía de Palermo');
INSERT INTO `biartet_venezuela_ciudades` (`id`, `municipio_id`, `nombre`) VALUES (683, 184, 'El Hatillo');
INSERT INTO `biartet_venezuela_municipios` (`id`, `estado_id`, `nombre`) VALUES (185, 14, 'Guaicaipuro');
INSERT INTO `biartet_venezuela_ciudades` (`id`, `municipio_id`, `nombre`) VALUES (684, 185, 'Los Teques');
INSERT INTO `biartet_venezuela_ciudades` (`id`, `municipio_id`, `nombre`) VALUES (685, 185, 'Altagracia de la Montaña');
INSERT INTO `biartet_venezuela_ciudades` (`id`, `municipio_id`, `nombre`) VALUES (686, 185, 'Cecilio Acosta');
INSERT INTO `biartet_venezuela_ciudades` (`id`, `municipio_id`, `nombre`) VALUES (687, 185, 'El Jarillo');
INSERT INTO `biartet_venezuela_ciudades` (`id`, `municipio_id`, `nombre`) VALUES (688, 185, 'San Pedro.');
INSERT INTO `biartet_venezuela_ciudades` (`id`, `municipio_id`, `nombre`) VALUES (689, 185, 'Tácata');
INSERT INTO `biartet_venezuela_ciudades` (`id`, `municipio_id`, `nombre`) VALUES (690, 185, 'Paracotos');
INSERT INTO `biartet_venezuela_municipios` (`id`, `estado_id`, `nombre`) VALUES (186, 14, 'Independencia');
INSERT INTO `biartet_venezuela_ciudades` (`id`, `municipio_id`, `nombre`) VALUES (691, 186, 'Santa Teresa del Tuy');
INSERT INTO `biartet_venezuela_ciudades` (`id`, `municipio_id`, `nombre`) VALUES (692, 186, 'Cartanal');
INSERT INTO `biartet_venezuela_municipios` (`id`, `estado_id`, `nombre`) VALUES (187, 14, 'Lander');
INSERT INTO `biartet_venezuela_ciudades` (`id`, `municipio_id`, `nombre`) VALUES (693, 187, 'Ocumare del Tuy');
INSERT INTO `biartet_venezuela_ciudades` (`id`, `municipio_id`, `nombre`) VALUES (694, 187, 'La Democracia');
INSERT INTO `biartet_venezuela_ciudades` (`id`, `municipio_id`, `nombre`) VALUES (695, 187, 'Santa Bárbara');
INSERT INTO `biartet_venezuela_municipios` (`id`, `estado_id`, `nombre`) VALUES (188, 14, 'Los Salias');
INSERT INTO `biartet_venezuela_ciudades` (`id`, `municipio_id`, `nombre`) VALUES (696, 188, 'San Antonio de los Altos');
INSERT INTO `biartet_venezuela_municipios` (`id`, `estado_id`, `nombre`) VALUES (189, 14, 'Páez');
INSERT INTO `biartet_venezuela_ciudades` (`id`, `municipio_id`, `nombre`) VALUES (697, 189, 'Río Chico');
INSERT INTO `biartet_venezuela_ciudades` (`id`, `municipio_id`, `nombre`) VALUES (698, 189, 'El Guapo');
INSERT INTO `biartet_venezuela_ciudades` (`id`, `municipio_id`, `nombre`) VALUES (699, 189, 'Tacarigua de la Laguna');
INSERT INTO `biartet_venezuela_ciudades` (`id`, `municipio_id`, `nombre`) VALUES (700, 189, 'Paparo');
INSERT INTO `biartet_venezuela_ciudades` (`id`, `municipio_id`, `nombre`) VALUES (701, 189, 'San Fernando del Guapo');
INSERT INTO `biartet_venezuela_municipios` (`id`, `estado_id`, `nombre`) VALUES (190, 14, 'Paz Castillo');
INSERT INTO `biartet_venezuela_ciudades` (`id`, `municipio_id`, `nombre`) VALUES (702, 190, 'Santa Lucía');
INSERT INTO `biartet_venezuela_ciudades` (`id`, `municipio_id`, `nombre`) VALUES (703, 190, 'Santa Lucía del Tuy');
INSERT INTO `biartet_venezuela_municipios` (`id`, `estado_id`, `nombre`) VALUES (191, 14, 'Pedro Gual');
INSERT INTO `biartet_venezuela_ciudades` (`id`, `municipio_id`, `nombre`) VALUES (704, 191, 'Cúpira');
INSERT INTO `biartet_venezuela_ciudades` (`id`, `municipio_id`, `nombre`) VALUES (705, 191, 'Machurucuto');
INSERT INTO `biartet_venezuela_municipios` (`id`, `estado_id`, `nombre`) VALUES (192, 14, 'Plaza');
INSERT INTO `biartet_venezuela_ciudades` (`id`, `municipio_id`, `nombre`) VALUES (706, 192, 'Guarenas');
INSERT INTO `biartet_venezuela_municipios` (`id`, `estado_id`, `nombre`) VALUES (193, 14, 'Simón Bolívar');
INSERT INTO `biartet_venezuela_ciudades` (`id`, `municipio_id`, `nombre`) VALUES (707, 193, 'San Francisco de Yare');
INSERT INTO `biartet_venezuela_ciudades` (`id`, `municipio_id`, `nombre`) VALUES (708, 193, 'San Antonio de Yare');
INSERT INTO `biartet_venezuela_municipios` (`id`, `estado_id`, `nombre`) VALUES (194, 14, 'Sucre');
INSERT INTO `biartet_venezuela_ciudades` (`id`, `municipio_id`, `nombre`) VALUES (709, 194, 'Petare');
INSERT INTO `biartet_venezuela_ciudades` (`id`, `municipio_id`, `nombre`) VALUES (710, 194, 'Leoncio Martínez');
INSERT INTO `biartet_venezuela_ciudades` (`id`, `municipio_id`, `nombre`) VALUES (711, 194, 'Caucagüita');
INSERT INTO `biartet_venezuela_ciudades` (`id`, `municipio_id`, `nombre`) VALUES (712, 194, 'Filas de Mariche');
INSERT INTO `biartet_venezuela_ciudades` (`id`, `municipio_id`, `nombre`) VALUES (713, 194, 'La Dolorita');
INSERT INTO `biartet_venezuela_municipios` (`id`, `estado_id`, `nombre`) VALUES (195, 14, 'Urdaneta');
INSERT INTO `biartet_venezuela_ciudades` (`id`, `municipio_id`, `nombre`) VALUES (714, 195, 'Cúa');
INSERT INTO `biartet_venezuela_ciudades` (`id`, `municipio_id`, `nombre`) VALUES (715, 195, 'Nueva Cúa');
INSERT INTO `biartet_venezuela_municipios` (`id`, `estado_id`, `nombre`) VALUES (196, 14, 'Zamora');
INSERT INTO `biartet_venezuela_ciudades` (`id`, `municipio_id`, `nombre`) VALUES (716, 196, 'Guatire');
INSERT INTO `biartet_venezuela_ciudades` (`id`, `municipio_id`, `nombre`) VALUES (717, 196, 'Bolívar');
INSERT INTO `biartet_venezuela_municipios` (`id`, `estado_id`, `nombre`) VALUES (197, 15, 'Acosta');
INSERT INTO `biartet_venezuela_ciudades` (`id`, `municipio_id`, `nombre`) VALUES (718, 197, 'San Antonio de Capayacuar');
INSERT INTO `biartet_venezuela_ciudades` (`id`, `municipio_id`, `nombre`) VALUES (719, 197, 'San Antonio de Maturín');
INSERT INTO `biartet_venezuela_ciudades` (`id`, `municipio_id`, `nombre`) VALUES (720, 197, 'San Francisco de Maturín');
INSERT INTO `biartet_venezuela_municipios` (`id`, `estado_id`, `nombre`) VALUES (198, 15, 'Aguasay');
INSERT INTO `biartet_venezuela_ciudades` (`id`, `municipio_id`, `nombre`) VALUES (721, 198, 'Aguasay');
INSERT INTO `biartet_venezuela_municipios` (`id`, `estado_id`, `nombre`) VALUES (199, 15, 'Bolívar');
INSERT INTO `biartet_venezuela_ciudades` (`id`, `municipio_id`, `nombre`) VALUES (722, 199, 'Caripito');
INSERT INTO `biartet_venezuela_municipios` (`id`, `estado_id`, `nombre`) VALUES (200, 15, 'Caripe');
INSERT INTO `biartet_venezuela_ciudades` (`id`, `municipio_id`, `nombre`) VALUES (723, 200, 'Caripe');
INSERT INTO `biartet_venezuela_ciudades` (`id`, `municipio_id`, `nombre`) VALUES (724, 200, 'El Guácharo');
INSERT INTO `biartet_venezuela_ciudades` (`id`, `municipio_id`, `nombre`) VALUES (725, 200, 'La Guanota');
INSERT INTO `biartet_venezuela_ciudades` (`id`, `municipio_id`, `nombre`) VALUES (726, 200, 'Sabana de Piedra');
INSERT INTO `biartet_venezuela_ciudades` (`id`, `municipio_id`, `nombre`) VALUES (727, 200, 'San Agustín');
INSERT INTO `biartet_venezuela_ciudades` (`id`, `municipio_id`, `nombre`) VALUES (728, 200, 'Teresen');
INSERT INTO `biartet_venezuela_municipios` (`id`, `estado_id`, `nombre`) VALUES (201, 15, 'Cedeño');
INSERT INTO `biartet_venezuela_ciudades` (`id`, `municipio_id`, `nombre`) VALUES (729, 201, 'Caicara de Maturín');
INSERT INTO `biartet_venezuela_ciudades` (`id`, `municipio_id`, `nombre`) VALUES (730, 201, 'Areo');
INSERT INTO `biartet_venezuela_ciudades` (`id`, `municipio_id`, `nombre`) VALUES (731, 201, 'Capital Cedeño');
INSERT INTO `biartet_venezuela_ciudades` (`id`, `municipio_id`, `nombre`) VALUES (732, 201, 'San Félix de Cantalicio');
INSERT INTO `biartet_venezuela_ciudades` (`id`, `municipio_id`, `nombre`) VALUES (733, 201, 'Viento Fresco');
INSERT INTO `biartet_venezuela_municipios` (`id`, `estado_id`, `nombre`) VALUES (202, 15, 'Ezequiel Zamora');
INSERT INTO `biartet_venezuela_ciudades` (`id`, `municipio_id`, `nombre`) VALUES (734, 202, 'Punta de Mata');
INSERT INTO `biartet_venezuela_ciudades` (`id`, `municipio_id`, `nombre`) VALUES (735, 202, 'El Tejero');
INSERT INTO `biartet_venezuela_municipios` (`id`, `estado_id`, `nombre`) VALUES (203, 15, 'Libertador');
INSERT INTO `biartet_venezuela_ciudades` (`id`, `municipio_id`, `nombre`) VALUES (736, 203, 'Temblador');
INSERT INTO `biartet_venezuela_ciudades` (`id`, `municipio_id`, `nombre`) VALUES (737, 203, 'Chaguaramas');
INSERT INTO `biartet_venezuela_ciudades` (`id`, `municipio_id`, `nombre`) VALUES (738, 203, 'Las Alhuacas');
INSERT INTO `biartet_venezuela_ciudades` (`id`, `municipio_id`, `nombre`) VALUES (739, 203, 'Tabasca');
INSERT INTO `biartet_venezuela_municipios` (`id`, `estado_id`, `nombre`) VALUES (204, 15, 'Maturín');
INSERT INTO `biartet_venezuela_ciudades` (`id`, `municipio_id`, `nombre`) VALUES (740, 204, 'Maturín');
INSERT INTO `biartet_venezuela_ciudades` (`id`, `municipio_id`, `nombre`) VALUES (741, 204, 'Alto de los Godos');
INSERT INTO `biartet_venezuela_ciudades` (`id`, `municipio_id`, `nombre`) VALUES (742, 204, 'Boquerón');
INSERT INTO `biartet_venezuela_ciudades` (`id`, `municipio_id`, `nombre`) VALUES (743, 204, 'Las Cocuizas');
INSERT INTO `biartet_venezuela_ciudades` (`id`, `municipio_id`, `nombre`) VALUES (744, 204, 'La Cruz');
INSERT INTO `biartet_venezuela_ciudades` (`id`, `municipio_id`, `nombre`) VALUES (745, 204, 'San Simón');
INSERT INTO `biartet_venezuela_ciudades` (`id`, `municipio_id`, `nombre`) VALUES (746, 204, 'El Corozo');
INSERT INTO `biartet_venezuela_ciudades` (`id`, `municipio_id`, `nombre`) VALUES (747, 204, 'El Furrial');
INSERT INTO `biartet_venezuela_ciudades` (`id`, `municipio_id`, `nombre`) VALUES (748, 204, 'Jusepín');
INSERT INTO `biartet_venezuela_ciudades` (`id`, `municipio_id`, `nombre`) VALUES (749, 204, 'La Pica');
INSERT INTO `biartet_venezuela_ciudades` (`id`, `municipio_id`, `nombre`) VALUES (750, 204, 'San Vicente');
INSERT INTO `biartet_venezuela_municipios` (`id`, `estado_id`, `nombre`) VALUES (205, 15, 'Piar');
INSERT INTO `biartet_venezuela_ciudades` (`id`, `municipio_id`, `nombre`) VALUES (751, 205, 'Aragua de Maturín');
INSERT INTO `biartet_venezuela_ciudades` (`id`, `municipio_id`, `nombre`) VALUES (752, 205, 'Aparicio');
INSERT INTO `biartet_venezuela_ciudades` (`id`, `municipio_id`, `nombre`) VALUES (753, 205, 'Chaguamal');
INSERT INTO `biartet_venezuela_ciudades` (`id`, `municipio_id`, `nombre`) VALUES (754, 205, 'El Pinto');
INSERT INTO `biartet_venezuela_ciudades` (`id`, `municipio_id`, `nombre`) VALUES (755, 205, 'Guanaguana');
INSERT INTO `biartet_venezuela_ciudades` (`id`, `municipio_id`, `nombre`) VALUES (756, 205, 'La Toscana');
INSERT INTO `biartet_venezuela_ciudades` (`id`, `municipio_id`, `nombre`) VALUES (757, 205, 'Taguaya');
INSERT INTO `biartet_venezuela_municipios` (`id`, `estado_id`, `nombre`) VALUES (206, 15, 'Punceres');
INSERT INTO `biartet_venezuela_ciudades` (`id`, `municipio_id`, `nombre`) VALUES (758, 206, 'Quiriquire');
INSERT INTO `biartet_venezuela_ciudades` (`id`, `municipio_id`, `nombre`) VALUES (759, 206, 'Cachipo');
INSERT INTO `biartet_venezuela_municipios` (`id`, `estado_id`, `nombre`) VALUES (207, 15, 'Santa Bárbara');
INSERT INTO `biartet_venezuela_ciudades` (`id`, `municipio_id`, `nombre`) VALUES (760, 207, 'Santa Bárbara');
INSERT INTO `biartet_venezuela_municipios` (`id`, `estado_id`, `nombre`) VALUES (208, 15, 'Sotillo');
INSERT INTO `biartet_venezuela_ciudades` (`id`, `municipio_id`, `nombre`) VALUES (761, 208, 'Barrancas del Orinoco');
INSERT INTO `biartet_venezuela_ciudades` (`id`, `municipio_id`, `nombre`) VALUES (762, 208, 'Barrancas');
INSERT INTO `biartet_venezuela_ciudades` (`id`, `municipio_id`, `nombre`) VALUES (763, 208, 'Los Barrancos de Fajardo');
INSERT INTO `biartet_venezuela_municipios` (`id`, `estado_id`, `nombre`) VALUES (209, 15, 'Uracoa');
INSERT INTO `biartet_venezuela_ciudades` (`id`, `municipio_id`, `nombre`) VALUES (764, 209, 'Uracoa');
INSERT INTO `biartet_venezuela_municipios` (`id`, `estado_id`, `nombre`) VALUES (210, 16, 'Antolín del Campo');
INSERT INTO `biartet_venezuela_ciudades` (`id`, `municipio_id`, `nombre`) VALUES (765, 210, 'Paraguachí');
INSERT INTO `biartet_venezuela_ciudades` (`id`, `municipio_id`, `nombre`) VALUES (766, 210, 'Antolín del Campo');
INSERT INTO `biartet_venezuela_municipios` (`id`, `estado_id`, `nombre`) VALUES (211, 16, 'Arismendi');
INSERT INTO `biartet_venezuela_ciudades` (`id`, `municipio_id`, `nombre`) VALUES (767, 211, 'La Asunción');
INSERT INTO `biartet_venezuela_ciudades` (`id`, `municipio_id`, `nombre`) VALUES (768, 211, 'Arismendi');
INSERT INTO `biartet_venezuela_municipios` (`id`, `estado_id`, `nombre`) VALUES (212, 16, 'Díaz');
INSERT INTO `biartet_venezuela_ciudades` (`id`, `municipio_id`, `nombre`) VALUES (769, 212, 'San Juan Bautista');
INSERT INTO `biartet_venezuela_ciudades` (`id`, `municipio_id`, `nombre`) VALUES (770, 212, 'Zabala');
INSERT INTO `biartet_venezuela_municipios` (`id`, `estado_id`, `nombre`) VALUES (213, 16, 'García');
INSERT INTO `biartet_venezuela_ciudades` (`id`, `municipio_id`, `nombre`) VALUES (771, 213, 'El Valle');
INSERT INTO `biartet_venezuela_ciudades` (`id`, `municipio_id`, `nombre`) VALUES (772, 213, 'García');
INSERT INTO `biartet_venezuela_ciudades` (`id`, `municipio_id`, `nombre`) VALUES (773, 213, 'Francisco Fajardo');
INSERT INTO `biartet_venezuela_municipios` (`id`, `estado_id`, `nombre`) VALUES (214, 16, 'Gómez');
INSERT INTO `biartet_venezuela_ciudades` (`id`, `municipio_id`, `nombre`) VALUES (774, 214, 'Santa Ana');
INSERT INTO `biartet_venezuela_ciudades` (`id`, `municipio_id`, `nombre`) VALUES (775, 214, 'Bolívar');
INSERT INTO `biartet_venezuela_ciudades` (`id`, `municipio_id`, `nombre`) VALUES (776, 214, 'Guevara');
INSERT INTO `biartet_venezuela_ciudades` (`id`, `municipio_id`, `nombre`) VALUES (777, 214, 'Cerro de Matasiete');
INSERT INTO `biartet_venezuela_ciudades` (`id`, `municipio_id`, `nombre`) VALUES (778, 214, 'Sucre');
INSERT INTO `biartet_venezuela_municipios` (`id`, `estado_id`, `nombre`) VALUES (215, 16, 'Maneiro');
INSERT INTO `biartet_venezuela_ciudades` (`id`, `municipio_id`, `nombre`) VALUES (779, 215, 'Pampatar');
INSERT INTO `biartet_venezuela_ciudades` (`id`, `municipio_id`, `nombre`) VALUES (780, 215, 'Aguirre');
INSERT INTO `biartet_venezuela_ciudades` (`id`, `municipio_id`, `nombre`) VALUES (781, 215, 'Maneiro');
INSERT INTO `biartet_venezuela_municipios` (`id`, `estado_id`, `nombre`) VALUES (216, 16, 'Marcano');
INSERT INTO `biartet_venezuela_ciudades` (`id`, `municipio_id`, `nombre`) VALUES (782, 216, 'Juan Griego');
INSERT INTO `biartet_venezuela_ciudades` (`id`, `municipio_id`, `nombre`) VALUES (783, 216, 'Adrián');
INSERT INTO `biartet_venezuela_ciudades` (`id`, `municipio_id`, `nombre`) VALUES (784, 216, 'Yaguaraparo');
INSERT INTO `biartet_venezuela_municipios` (`id`, `estado_id`, `nombre`) VALUES (217, 16, 'Mariño');
INSERT INTO `biartet_venezuela_ciudades` (`id`, `municipio_id`, `nombre`) VALUES (785, 217, 'Porlamar');
INSERT INTO `biartet_venezuela_municipios` (`id`, `estado_id`, `nombre`) VALUES (218, 16, 'Península de Macanao');
INSERT INTO `biartet_venezuela_ciudades` (`id`, `municipio_id`, `nombre`) VALUES (786, 218, 'Boca de Río');
INSERT INTO `biartet_venezuela_ciudades` (`id`, `municipio_id`, `nombre`) VALUES (787, 218, 'San Francisco de Macanao');
INSERT INTO `biartet_venezuela_municipios` (`id`, `estado_id`, `nombre`) VALUES (219, 16, 'Tubores');
INSERT INTO `biartet_venezuela_ciudades` (`id`, `municipio_id`, `nombre`) VALUES (788, 219, 'Punta de Piedras');
INSERT INTO `biartet_venezuela_ciudades` (`id`, `municipio_id`, `nombre`) VALUES (789, 219, 'Tubores');
INSERT INTO `biartet_venezuela_ciudades` (`id`, `municipio_id`, `nombre`) VALUES (790, 219, 'Los Barales');
INSERT INTO `biartet_venezuela_municipios` (`id`, `estado_id`, `nombre`) VALUES (220, 16, 'Villalba');
INSERT INTO `biartet_venezuela_ciudades` (`id`, `municipio_id`, `nombre`) VALUES (791, 220, 'San Pedro de Coche');
INSERT INTO `biartet_venezuela_ciudades` (`id`, `municipio_id`, `nombre`) VALUES (792, 220, 'Vicente Fuentes');
INSERT INTO `biartet_venezuela_ciudades` (`id`, `municipio_id`, `nombre`) VALUES (793, 220, 'Villalba');
INSERT INTO `biartet_venezuela_municipios` (`id`, `estado_id`, `nombre`) VALUES (221, 17, 'Agua Blanca');
INSERT INTO `biartet_venezuela_ciudades` (`id`, `municipio_id`, `nombre`) VALUES (794, 221, 'Agua Blanca');
INSERT INTO `biartet_venezuela_municipios` (`id`, `estado_id`, `nombre`) VALUES (222, 17, 'Araure');
INSERT INTO `biartet_venezuela_ciudades` (`id`, `municipio_id`, `nombre`) VALUES (795, 222, 'Araure');
INSERT INTO `biartet_venezuela_ciudades` (`id`, `municipio_id`, `nombre`) VALUES (796, 222, 'Río Acarigua');
INSERT INTO `biartet_venezuela_municipios` (`id`, `estado_id`, `nombre`) VALUES (223, 17, 'Esteller');
INSERT INTO `biartet_venezuela_ciudades` (`id`, `municipio_id`, `nombre`) VALUES (797, 223, 'Píritu');
INSERT INTO `biartet_venezuela_ciudades` (`id`, `municipio_id`, `nombre`) VALUES (798, 223, 'Uveral');
INSERT INTO `biartet_venezuela_municipios` (`id`, `estado_id`, `nombre`) VALUES (224, 17, 'Guanare');
INSERT INTO `biartet_venezuela_ciudades` (`id`, `municipio_id`, `nombre`) VALUES (799, 224, 'Guanare');
INSERT INTO `biartet_venezuela_ciudades` (`id`, `municipio_id`, `nombre`) VALUES (800, 224, 'Cordova');
INSERT INTO `biartet_venezuela_ciudades` (`id`, `municipio_id`, `nombre`) VALUES (801, 224, 'San José de la Montaña');
INSERT INTO `biartet_venezuela_ciudades` (`id`, `municipio_id`, `nombre`) VALUES (802, 224, 'San Juan de Guanaguanare');
INSERT INTO `biartet_venezuela_ciudades` (`id`, `municipio_id`, `nombre`) VALUES (803, 224, 'Virgen de Coromoto');
INSERT INTO `biartet_venezuela_municipios` (`id`, `estado_id`, `nombre`) VALUES (225, 17, 'Guanarito');
INSERT INTO `biartet_venezuela_ciudades` (`id`, `municipio_id`, `nombre`) VALUES (804, 225, 'Guanarito');
INSERT INTO `biartet_venezuela_ciudades` (`id`, `municipio_id`, `nombre`) VALUES (805, 225, 'Trinidad de la Capilla');
INSERT INTO `biartet_venezuela_ciudades` (`id`, `municipio_id`, `nombre`) VALUES (806, 225, 'Divina Pastora');
INSERT INTO `biartet_venezuela_municipios` (`id`, `estado_id`, `nombre`) VALUES (226, 17, 'Monseñor José Vicente de Unda');
INSERT INTO `biartet_venezuela_ciudades` (`id`, `municipio_id`, `nombre`) VALUES (807, 226, 'Paraíso de Chabasquén');
INSERT INTO `biartet_venezuela_ciudades` (`id`, `municipio_id`, `nombre`) VALUES (808, 226, 'Peña Blanca');
INSERT INTO `biartet_venezuela_municipios` (`id`, `estado_id`, `nombre`) VALUES (227, 17, 'Ospino');
INSERT INTO `biartet_venezuela_ciudades` (`id`, `municipio_id`, `nombre`) VALUES (809, 227, 'Ospino');
INSERT INTO `biartet_venezuela_ciudades` (`id`, `municipio_id`, `nombre`) VALUES (810, 227, 'Aparición');
INSERT INTO `biartet_venezuela_ciudades` (`id`, `municipio_id`, `nombre`) VALUES (811, 227, 'La Estación');
INSERT INTO `biartet_venezuela_municipios` (`id`, `estado_id`, `nombre`) VALUES (228, 17, 'Páez');
INSERT INTO `biartet_venezuela_ciudades` (`id`, `municipio_id`, `nombre`) VALUES (812, 228, 'Acarigua');
INSERT INTO `biartet_venezuela_ciudades` (`id`, `municipio_id`, `nombre`) VALUES (813, 228, 'Payara');
INSERT INTO `biartet_venezuela_ciudades` (`id`, `municipio_id`, `nombre`) VALUES (814, 228, 'Pimpinela');
INSERT INTO `biartet_venezuela_ciudades` (`id`, `municipio_id`, `nombre`) VALUES (815, 228, 'Ramón Peraza');
INSERT INTO `biartet_venezuela_municipios` (`id`, `estado_id`, `nombre`) VALUES (229, 17, 'Papelón');
INSERT INTO `biartet_venezuela_ciudades` (`id`, `municipio_id`, `nombre`) VALUES (816, 229, 'Papelón');
INSERT INTO `biartet_venezuela_ciudades` (`id`, `municipio_id`, `nombre`) VALUES (817, 229, 'Caño Delgadito');
INSERT INTO `biartet_venezuela_municipios` (`id`, `estado_id`, `nombre`) VALUES (230, 17, 'San Genaro de Boconoíto');
INSERT INTO `biartet_venezuela_ciudades` (`id`, `municipio_id`, `nombre`) VALUES (818, 230, 'Boconoíto');
INSERT INTO `biartet_venezuela_ciudades` (`id`, `municipio_id`, `nombre`) VALUES (819, 230, 'Antolín Tovar Anquino');
INSERT INTO `biartet_venezuela_municipios` (`id`, `estado_id`, `nombre`) VALUES (231, 17, 'San Rafael de Onoto');
INSERT INTO `biartet_venezuela_ciudades` (`id`, `municipio_id`, `nombre`) VALUES (820, 231, 'San Rafael de Onoto');
INSERT INTO `biartet_venezuela_ciudades` (`id`, `municipio_id`, `nombre`) VALUES (821, 231, 'Santa Fé');
INSERT INTO `biartet_venezuela_ciudades` (`id`, `municipio_id`, `nombre`) VALUES (822, 231, 'Thermo Morales');
INSERT INTO `biartet_venezuela_municipios` (`id`, `estado_id`, `nombre`) VALUES (232, 17, 'Santa Rosalía');
INSERT INTO `biartet_venezuela_ciudades` (`id`, `municipio_id`, `nombre`) VALUES (823, 232, 'El Playón');
INSERT INTO `biartet_venezuela_ciudades` (`id`, `municipio_id`, `nombre`) VALUES (824, 232, 'Florida');
INSERT INTO `biartet_venezuela_ciudades` (`id`, `municipio_id`, `nombre`) VALUES (825, 232, 'Santa Rosalía');
INSERT INTO `biartet_venezuela_municipios` (`id`, `estado_id`, `nombre`) VALUES (233, 17, 'Sucre');
INSERT INTO `biartet_venezuela_ciudades` (`id`, `municipio_id`, `nombre`) VALUES (826, 233, 'Biscucuy');
INSERT INTO `biartet_venezuela_ciudades` (`id`, `municipio_id`, `nombre`) VALUES (827, 233, 'Concepción');
INSERT INTO `biartet_venezuela_ciudades` (`id`, `municipio_id`, `nombre`) VALUES (828, 233, 'San José de Saguaz');
INSERT INTO `biartet_venezuela_ciudades` (`id`, `municipio_id`, `nombre`) VALUES (829, 233, 'San Rafael de Palo Alzado');
INSERT INTO `biartet_venezuela_ciudades` (`id`, `municipio_id`, `nombre`) VALUES (830, 233, 'Uvencio Antonio Velásquez');
INSERT INTO `biartet_venezuela_ciudades` (`id`, `municipio_id`, `nombre`) VALUES (831, 233, 'Villa Rosa');
INSERT INTO `biartet_venezuela_municipios` (`id`, `estado_id`, `nombre`) VALUES (234, 17, 'Turén');
INSERT INTO `biartet_venezuela_ciudades` (`id`, `municipio_id`, `nombre`) VALUES (832, 234, 'Villa Bruzual');
INSERT INTO `biartet_venezuela_ciudades` (`id`, `municipio_id`, `nombre`) VALUES (833, 234, 'Canelones');
INSERT INTO `biartet_venezuela_ciudades` (`id`, `municipio_id`, `nombre`) VALUES (834, 234, 'Santa Cruz');
INSERT INTO `biartet_venezuela_ciudades` (`id`, `municipio_id`, `nombre`) VALUES (835, 234, 'San Isidro Labrador');
INSERT INTO `biartet_venezuela_ciudades` (`id`, `municipio_id`, `nombre`) VALUES (836, 234, 'Turén');
INSERT INTO `biartet_venezuela_municipios` (`id`, `estado_id`, `nombre`) VALUES (235, 18, 'Andrés Eloy Blanco');
INSERT INTO `biartet_venezuela_ciudades` (`id`, `municipio_id`, `nombre`) VALUES (837, 235, 'Casanay');
INSERT INTO `biartet_venezuela_ciudades` (`id`, `municipio_id`, `nombre`) VALUES (838, 235, 'Mariño');
INSERT INTO `biartet_venezuela_ciudades` (`id`, `municipio_id`, `nombre`) VALUES (839, 235, 'Rómulo Gallegos');
INSERT INTO `biartet_venezuela_municipios` (`id`, `estado_id`, `nombre`) VALUES (236, 18, 'Andrés Mata');
INSERT INTO `biartet_venezuela_ciudades` (`id`, `municipio_id`, `nombre`) VALUES (840, 236, 'San José de Aerocuar');
INSERT INTO `biartet_venezuela_ciudades` (`id`, `municipio_id`, `nombre`) VALUES (841, 236, 'Tavera Acosta');
INSERT INTO `biartet_venezuela_municipios` (`id`, `estado_id`, `nombre`) VALUES (237, 18, 'Arismendi');
INSERT INTO `biartet_venezuela_ciudades` (`id`, `municipio_id`, `nombre`) VALUES (842, 237, 'Río Caribe');
INSERT INTO `biartet_venezuela_ciudades` (`id`, `municipio_id`, `nombre`) VALUES (843, 237, 'Antonio José de Sucre');
INSERT INTO `biartet_venezuela_ciudades` (`id`, `municipio_id`, `nombre`) VALUES (844, 237, 'El Morro de Puerto Santo');
INSERT INTO `biartet_venezuela_ciudades` (`id`, `municipio_id`, `nombre`) VALUES (845, 237, 'Puerto Santo');
INSERT INTO `biartet_venezuela_ciudades` (`id`, `municipio_id`, `nombre`) VALUES (846, 237, 'San Juan de las Galdonas');
INSERT INTO `biartet_venezuela_municipios` (`id`, `estado_id`, `nombre`) VALUES (238, 18, 'Benítez');
INSERT INTO `biartet_venezuela_ciudades` (`id`, `municipio_id`, `nombre`) VALUES (847, 238, 'El Pilar');
INSERT INTO `biartet_venezuela_ciudades` (`id`, `municipio_id`, `nombre`) VALUES (848, 238, 'El Rincón');
INSERT INTO `biartet_venezuela_ciudades` (`id`, `municipio_id`, `nombre`) VALUES (849, 238, 'General Francisco Antonio Váquez');
INSERT INTO `biartet_venezuela_ciudades` (`id`, `municipio_id`, `nombre`) VALUES (850, 238, 'Guaraúnos');
INSERT INTO `biartet_venezuela_ciudades` (`id`, `municipio_id`, `nombre`) VALUES (851, 238, 'Tunapuicito');
INSERT INTO `biartet_venezuela_ciudades` (`id`, `municipio_id`, `nombre`) VALUES (852, 238, 'Unión');
INSERT INTO `biartet_venezuela_municipios` (`id`, `estado_id`, `nombre`) VALUES (239, 18, 'Bermúdez');
INSERT INTO `biartet_venezuela_ciudades` (`id`, `municipio_id`, `nombre`) VALUES (853, 239, 'Carúpano');
INSERT INTO `biartet_venezuela_ciudades` (`id`, `municipio_id`, `nombre`) VALUES (854, 239, 'Santa Catalina');
INSERT INTO `biartet_venezuela_ciudades` (`id`, `municipio_id`, `nombre`) VALUES (855, 239, 'Santa Rosa');
INSERT INTO `biartet_venezuela_ciudades` (`id`, `municipio_id`, `nombre`) VALUES (856, 239, 'Santa Teresa');
INSERT INTO `biartet_venezuela_ciudades` (`id`, `municipio_id`, `nombre`) VALUES (857, 239, 'Bolívar');
INSERT INTO `biartet_venezuela_ciudades` (`id`, `municipio_id`, `nombre`) VALUES (858, 239, 'Maracapana');
INSERT INTO `biartet_venezuela_municipios` (`id`, `estado_id`, `nombre`) VALUES (240, 18, 'Bolívar');
INSERT INTO `biartet_venezuela_ciudades` (`id`, `municipio_id`, `nombre`) VALUES (859, 240, 'Marigüitar');
INSERT INTO `biartet_venezuela_municipios` (`id`, `estado_id`, `nombre`) VALUES (241, 18, 'Cajigal');
INSERT INTO `biartet_venezuela_ciudades` (`id`, `municipio_id`, `nombre`) VALUES (860, 241, 'Yaguaraparo');
INSERT INTO `biartet_venezuela_ciudades` (`id`, `municipio_id`, `nombre`) VALUES (861, 241, 'Libertad');
INSERT INTO `biartet_venezuela_ciudades` (`id`, `municipio_id`, `nombre`) VALUES (862, 241, 'El Paujil');
INSERT INTO `biartet_venezuela_municipios` (`id`, `estado_id`, `nombre`) VALUES (242, 18, 'Cruz Salmerón Acosta');
INSERT INTO `biartet_venezuela_ciudades` (`id`, `municipio_id`, `nombre`) VALUES (863, 242, 'Araya');
INSERT INTO `biartet_venezuela_ciudades` (`id`, `municipio_id`, `nombre`) VALUES (864, 242, 'Cruz Salmerón Acosta');
INSERT INTO `biartet_venezuela_ciudades` (`id`, `municipio_id`, `nombre`) VALUES (865, 242, 'Chacopata');
INSERT INTO `biartet_venezuela_ciudades` (`id`, `municipio_id`, `nombre`) VALUES (866, 242, 'Manicuare');
INSERT INTO `biartet_venezuela_municipios` (`id`, `estado_id`, `nombre`) VALUES (243, 18, 'Libertador');
INSERT INTO `biartet_venezuela_ciudades` (`id`, `municipio_id`, `nombre`) VALUES (867, 243, 'Tunapuy');
INSERT INTO `biartet_venezuela_ciudades` (`id`, `municipio_id`, `nombre`) VALUES (868, 243, 'Campo Elías');
INSERT INTO `biartet_venezuela_municipios` (`id`, `estado_id`, `nombre`) VALUES (244, 18, 'Mariño');
INSERT INTO `biartet_venezuela_ciudades` (`id`, `municipio_id`, `nombre`) VALUES (869, 244, 'Irapa');
INSERT INTO `biartet_venezuela_ciudades` (`id`, `municipio_id`, `nombre`) VALUES (870, 244, 'Campo Claro');
INSERT INTO `biartet_venezuela_ciudades` (`id`, `municipio_id`, `nombre`) VALUES (871, 244, 'Maraval');
INSERT INTO `biartet_venezuela_ciudades` (`id`, `municipio_id`, `nombre`) VALUES (872, 244, 'San Antonio de Irapa');
INSERT INTO `biartet_venezuela_ciudades` (`id`, `municipio_id`, `nombre`) VALUES (873, 244, 'Soro');
INSERT INTO `biartet_venezuela_municipios` (`id`, `estado_id`, `nombre`) VALUES (245, 18, 'Mejía');
INSERT INTO `biartet_venezuela_ciudades` (`id`, `municipio_id`, `nombre`) VALUES (874, 245, 'San Antonio del Golfo');
INSERT INTO `biartet_venezuela_ciudades` (`id`, `municipio_id`, `nombre`) VALUES (875, 245, 'Mejía');
INSERT INTO `biartet_venezuela_municipios` (`id`, `estado_id`, `nombre`) VALUES (246, 18, 'Montes');
INSERT INTO `biartet_venezuela_ciudades` (`id`, `municipio_id`, `nombre`) VALUES (876, 246, 'Cumanacoa');
INSERT INTO `biartet_venezuela_ciudades` (`id`, `municipio_id`, `nombre`) VALUES (877, 246, 'Arenas');
INSERT INTO `biartet_venezuela_ciudades` (`id`, `municipio_id`, `nombre`) VALUES (878, 246, 'Aricagua');
INSERT INTO `biartet_venezuela_ciudades` (`id`, `municipio_id`, `nombre`) VALUES (879, 246, 'Cocollar');
INSERT INTO `biartet_venezuela_ciudades` (`id`, `municipio_id`, `nombre`) VALUES (880, 246, 'San Fernando');
INSERT INTO `biartet_venezuela_ciudades` (`id`, `municipio_id`, `nombre`) VALUES (881, 246, 'San Lorenzo');
INSERT INTO `biartet_venezuela_municipios` (`id`, `estado_id`, `nombre`) VALUES (247, 18, 'Ribero');
INSERT INTO `biartet_venezuela_ciudades` (`id`, `municipio_id`, `nombre`) VALUES (882, 247, 'Cariaco');
INSERT INTO `biartet_venezuela_ciudades` (`id`, `municipio_id`, `nombre`) VALUES (883, 247, 'Villa Frontado (Muelle de Cariaco)');
INSERT INTO `biartet_venezuela_ciudades` (`id`, `municipio_id`, `nombre`) VALUES (884, 247, 'Catuaro');
INSERT INTO `biartet_venezuela_ciudades` (`id`, `municipio_id`, `nombre`) VALUES (885, 247, 'Rendón');
INSERT INTO `biartet_venezuela_ciudades` (`id`, `municipio_id`, `nombre`) VALUES (886, 247, 'San Cruz');
INSERT INTO `biartet_venezuela_ciudades` (`id`, `municipio_id`, `nombre`) VALUES (887, 247, 'Santa María');
INSERT INTO `biartet_venezuela_municipios` (`id`, `estado_id`, `nombre`) VALUES (248, 18, 'Sucre');
INSERT INTO `biartet_venezuela_ciudades` (`id`, `municipio_id`, `nombre`) VALUES (888, 248, 'Cumaná');
INSERT INTO `biartet_venezuela_ciudades` (`id`, `municipio_id`, `nombre`) VALUES (889, 248, 'Altagracia Cumaná');
INSERT INTO `biartet_venezuela_ciudades` (`id`, `municipio_id`, `nombre`) VALUES (890, 248, 'Santa Inés Cumaná');
INSERT INTO `biartet_venezuela_ciudades` (`id`, `municipio_id`, `nombre`) VALUES (891, 248, 'Valentín Valiente Cumaná');
INSERT INTO `biartet_venezuela_ciudades` (`id`, `municipio_id`, `nombre`) VALUES (892, 248, 'Ayacucho Cumaná');
INSERT INTO `biartet_venezuela_ciudades` (`id`, `municipio_id`, `nombre`) VALUES (893, 248, 'San Juan');
INSERT INTO `biartet_venezuela_ciudades` (`id`, `municipio_id`, `nombre`) VALUES (894, 248, 'Raúl Leoni');
INSERT INTO `biartet_venezuela_ciudades` (`id`, `municipio_id`, `nombre`) VALUES (895, 248, 'Gran Mariscal');
INSERT INTO `biartet_venezuela_municipios` (`id`, `estado_id`, `nombre`) VALUES (249, 18, 'Valdez');
INSERT INTO `biartet_venezuela_ciudades` (`id`, `municipio_id`, `nombre`) VALUES (896, 249, 'Güiria');
INSERT INTO `biartet_venezuela_ciudades` (`id`, `municipio_id`, `nombre`) VALUES (897, 249, 'Cristóbal Colón');
INSERT INTO `biartet_venezuela_ciudades` (`id`, `municipio_id`, `nombre`) VALUES (898, 249, 'Bideau');
INSERT INTO `biartet_venezuela_ciudades` (`id`, `municipio_id`, `nombre`) VALUES (899, 249, 'Punta de Piedras');
INSERT INTO `biartet_venezuela_municipios` (`id`, `estado_id`, `nombre`) VALUES (250, 19, 'Andrés Bello');
INSERT INTO `biartet_venezuela_ciudades` (`id`, `municipio_id`, `nombre`) VALUES (900, 250, 'Cordero');
INSERT INTO `biartet_venezuela_ciudades` (`id`, `municipio_id`, `nombre`) VALUES (901, 250, 'Andrés Bello');
INSERT INTO `biartet_venezuela_municipios` (`id`, `estado_id`, `nombre`) VALUES (251, 19, 'Antonio Rómulo Costa');
INSERT INTO `biartet_venezuela_ciudades` (`id`, `municipio_id`, `nombre`) VALUES (902, 251, 'Las Mesas');
INSERT INTO `biartet_venezuela_ciudades` (`id`, `municipio_id`, `nombre`) VALUES (903, 251, 'Antonio Rómulo Costa');
INSERT INTO `biartet_venezuela_municipios` (`id`, `estado_id`, `nombre`) VALUES (252, 19, 'Ayacucho');
INSERT INTO `biartet_venezuela_ciudades` (`id`, `municipio_id`, `nombre`) VALUES (904, 252, 'Colón');
INSERT INTO `biartet_venezuela_ciudades` (`id`, `municipio_id`, `nombre`) VALUES (905, 252, 'Ayacucho');
INSERT INTO `biartet_venezuela_ciudades` (`id`, `municipio_id`, `nombre`) VALUES (906, 252, 'Rivas Berti');
INSERT INTO `biartet_venezuela_ciudades` (`id`, `municipio_id`, `nombre`) VALUES (907, 252, 'San Pedro del Río');
INSERT INTO `biartet_venezuela_municipios` (`id`, `estado_id`, `nombre`) VALUES (253, 19, 'Bolívar');
INSERT INTO `biartet_venezuela_ciudades` (`id`, `municipio_id`, `nombre`) VALUES (908, 253, 'San Antonio del Táchira');
INSERT INTO `biartet_venezuela_ciudades` (`id`, `municipio_id`, `nombre`) VALUES (909, 253, 'Bolívar');
INSERT INTO `biartet_venezuela_ciudades` (`id`, `municipio_id`, `nombre`) VALUES (910, 253, 'Palotal');
INSERT INTO `biartet_venezuela_ciudades` (`id`, `municipio_id`, `nombre`) VALUES (911, 253, 'General Juan Vicente Gómez');
INSERT INTO `biartet_venezuela_ciudades` (`id`, `municipio_id`, `nombre`) VALUES (912, 253, 'Isaías Medina Angarita');
INSERT INTO `biartet_venezuela_municipios` (`id`, `estado_id`, `nombre`) VALUES (254, 19, 'Cárdenas');
INSERT INTO `biartet_venezuela_ciudades` (`id`, `municipio_id`, `nombre`) VALUES (913, 254, 'Táriba');
INSERT INTO `biartet_venezuela_ciudades` (`id`, `municipio_id`, `nombre`) VALUES (914, 254, 'Cárdenas');
INSERT INTO `biartet_venezuela_ciudades` (`id`, `municipio_id`, `nombre`) VALUES (915, 254, 'Amenodoro Rangel Lamus');
INSERT INTO `biartet_venezuela_ciudades` (`id`, `municipio_id`, `nombre`) VALUES (916, 254, 'La Florida');
INSERT INTO `biartet_venezuela_municipios` (`id`, `estado_id`, `nombre`) VALUES (255, 19, 'Córdoba');
INSERT INTO `biartet_venezuela_ciudades` (`id`, `municipio_id`, `nombre`) VALUES (917, 255, 'Santa Ana de Táchira');
INSERT INTO `biartet_venezuela_ciudades` (`id`, `municipio_id`, `nombre`) VALUES (918, 255, 'Córdoba');
INSERT INTO `biartet_venezuela_municipios` (`id`, `estado_id`, `nombre`) VALUES (256, 19, 'Fernández Feo');
INSERT INTO `biartet_venezuela_ciudades` (`id`, `municipio_id`, `nombre`) VALUES (919, 256, 'San Rafael del Piñal');
INSERT INTO `biartet_venezuela_ciudades` (`id`, `municipio_id`, `nombre`) VALUES (920, 256, 'Fernández Feo');
INSERT INTO `biartet_venezuela_ciudades` (`id`, `municipio_id`, `nombre`) VALUES (921, 256, 'Alberto Adriani');
INSERT INTO `biartet_venezuela_ciudades` (`id`, `municipio_id`, `nombre`) VALUES (922, 256, 'Santo Domingo');
INSERT INTO `biartet_venezuela_municipios` (`id`, `estado_id`, `nombre`) VALUES (257, 19, 'Francisco de Miranda');
INSERT INTO `biartet_venezuela_ciudades` (`id`, `municipio_id`, `nombre`) VALUES (923, 257, 'San José de Bolívar');
INSERT INTO `biartet_venezuela_ciudades` (`id`, `municipio_id`, `nombre`) VALUES (924, 257, 'Francisco de Miranda');
INSERT INTO `biartet_venezuela_municipios` (`id`, `estado_id`, `nombre`) VALUES (258, 19, 'García de Hevia');
INSERT INTO `biartet_venezuela_ciudades` (`id`, `municipio_id`, `nombre`) VALUES (925, 258, 'La Fría');
INSERT INTO `biartet_venezuela_ciudades` (`id`, `municipio_id`, `nombre`) VALUES (926, 258, 'García de Hevia');
INSERT INTO `biartet_venezuela_ciudades` (`id`, `municipio_id`, `nombre`) VALUES (927, 258, 'Boca de Grita');
INSERT INTO `biartet_venezuela_ciudades` (`id`, `municipio_id`, `nombre`) VALUES (928, 258, 'José Antonio Páez');
INSERT INTO `biartet_venezuela_municipios` (`id`, `estado_id`, `nombre`) VALUES (259, 19, 'Guásimos');
INSERT INTO `biartet_venezuela_ciudades` (`id`, `municipio_id`, `nombre`) VALUES (929, 259, 'Palmira');
INSERT INTO `biartet_venezuela_ciudades` (`id`, `municipio_id`, `nombre`) VALUES (930, 259, 'Guásimos');
INSERT INTO `biartet_venezuela_municipios` (`id`, `estado_id`, `nombre`) VALUES (260, 19, 'Independencia');
INSERT INTO `biartet_venezuela_ciudades` (`id`, `municipio_id`, `nombre`) VALUES (931, 260, 'Capacho Nuevo');
INSERT INTO `biartet_venezuela_ciudades` (`id`, `municipio_id`, `nombre`) VALUES (932, 260, 'Independencia');
INSERT INTO `biartet_venezuela_ciudades` (`id`, `municipio_id`, `nombre`) VALUES (933, 260, 'Juan Germán Roscio');
INSERT INTO `biartet_venezuela_ciudades` (`id`, `municipio_id`, `nombre`) VALUES (934, 260, 'Román Cárdenas');
INSERT INTO `biartet_venezuela_municipios` (`id`, `estado_id`, `nombre`) VALUES (261, 19, 'Jáuregui');
INSERT INTO `biartet_venezuela_ciudades` (`id`, `municipio_id`, `nombre`) VALUES (935, 261, 'La Grita');
INSERT INTO `biartet_venezuela_ciudades` (`id`, `municipio_id`, `nombre`) VALUES (936, 261, 'Jáuregui');
INSERT INTO `biartet_venezuela_ciudades` (`id`, `municipio_id`, `nombre`) VALUES (937, 261, 'Emilio Constantino Guerrero');
INSERT INTO `biartet_venezuela_ciudades` (`id`, `municipio_id`, `nombre`) VALUES (938, 261, 'Monseñor Miguel Antonio Salas');
INSERT INTO `biartet_venezuela_municipios` (`id`, `estado_id`, `nombre`) VALUES (262, 19, 'José María Vargas');
INSERT INTO `biartet_venezuela_ciudades` (`id`, `municipio_id`, `nombre`) VALUES (939, 262, 'El Cobre');
INSERT INTO `biartet_venezuela_ciudades` (`id`, `municipio_id`, `nombre`) VALUES (940, 262, 'José María Vargas');
INSERT INTO `biartet_venezuela_municipios` (`id`, `estado_id`, `nombre`) VALUES (263, 19, 'Junín');
INSERT INTO `biartet_venezuela_ciudades` (`id`, `municipio_id`, `nombre`) VALUES (941, 263, 'Rubio');
INSERT INTO `biartet_venezuela_ciudades` (`id`, `municipio_id`, `nombre`) VALUES (942, 263, 'Junín');
INSERT INTO `biartet_venezuela_ciudades` (`id`, `municipio_id`, `nombre`) VALUES (943, 263, 'La Petrólea');
INSERT INTO `biartet_venezuela_ciudades` (`id`, `municipio_id`, `nombre`) VALUES (944, 263, 'Quinimarí');
INSERT INTO `biartet_venezuela_ciudades` (`id`, `municipio_id`, `nombre`) VALUES (945, 263, 'Bramón');
INSERT INTO `biartet_venezuela_municipios` (`id`, `estado_id`, `nombre`) VALUES (264, 19, 'Libertad');
INSERT INTO `biartet_venezuela_ciudades` (`id`, `municipio_id`, `nombre`) VALUES (946, 264, 'Capacho Viejo');
INSERT INTO `biartet_venezuela_ciudades` (`id`, `municipio_id`, `nombre`) VALUES (947, 264, 'Libertad');
INSERT INTO `biartet_venezuela_ciudades` (`id`, `municipio_id`, `nombre`) VALUES (948, 264, 'Cipriano Castro');
INSERT INTO `biartet_venezuela_ciudades` (`id`, `municipio_id`, `nombre`) VALUES (949, 264, 'Manuel Felipe Rugeles');
INSERT INTO `biartet_venezuela_municipios` (`id`, `estado_id`, `nombre`) VALUES (265, 19, 'Libertador');
INSERT INTO `biartet_venezuela_ciudades` (`id`, `municipio_id`, `nombre`) VALUES (950, 265, 'Abejales');
INSERT INTO `biartet_venezuela_ciudades` (`id`, `municipio_id`, `nombre`) VALUES (951, 265, 'Capital Libertador');
INSERT INTO `biartet_venezuela_ciudades` (`id`, `municipio_id`, `nombre`) VALUES (952, 265, 'Doradas');
INSERT INTO `biartet_venezuela_ciudades` (`id`, `municipio_id`, `nombre`) VALUES (953, 265, 'Emeterio Ochoa');
INSERT INTO `biartet_venezuela_ciudades` (`id`, `municipio_id`, `nombre`) VALUES (954, 265, 'San Joaquín de Navay');
INSERT INTO `biartet_venezuela_municipios` (`id`, `estado_id`, `nombre`) VALUES (266, 19, 'Lobatera');
INSERT INTO `biartet_venezuela_ciudades` (`id`, `municipio_id`, `nombre`) VALUES (955, 266, 'Lobatera');
INSERT INTO `biartet_venezuela_ciudades` (`id`, `municipio_id`, `nombre`) VALUES (956, 266, 'Constitución');
INSERT INTO `biartet_venezuela_municipios` (`id`, `estado_id`, `nombre`) VALUES (267, 19, 'Michelena');
INSERT INTO `biartet_venezuela_ciudades` (`id`, `municipio_id`, `nombre`) VALUES (957, 267, 'Michelena');
INSERT INTO `biartet_venezuela_municipios` (`id`, `estado_id`, `nombre`) VALUES (268, 19, 'Panamericano');
INSERT INTO `biartet_venezuela_ciudades` (`id`, `municipio_id`, `nombre`) VALUES (958, 268, 'Coloncito');
INSERT INTO `biartet_venezuela_ciudades` (`id`, `municipio_id`, `nombre`) VALUES (959, 268, 'Panamericano');
INSERT INTO `biartet_venezuela_ciudades` (`id`, `municipio_id`, `nombre`) VALUES (960, 268, 'La Palmita');
INSERT INTO `biartet_venezuela_municipios` (`id`, `estado_id`, `nombre`) VALUES (269, 19, 'Pedro María Ureña');
INSERT INTO `biartet_venezuela_ciudades` (`id`, `municipio_id`, `nombre`) VALUES (961, 269, 'Ureña');
INSERT INTO `biartet_venezuela_ciudades` (`id`, `municipio_id`, `nombre`) VALUES (962, 269, 'Pedro María Ureña');
INSERT INTO `biartet_venezuela_ciudades` (`id`, `municipio_id`, `nombre`) VALUES (963, 269, 'Nueva Arcadia');
INSERT INTO `biartet_venezuela_municipios` (`id`, `estado_id`, `nombre`) VALUES (270, 19, 'Rafael Urdaneta');
INSERT INTO `biartet_venezuela_ciudades` (`id`, `municipio_id`, `nombre`) VALUES (964, 270, 'Delicias');
INSERT INTO `biartet_venezuela_ciudades` (`id`, `municipio_id`, `nombre`) VALUES (965, 270, 'Pecaya');
INSERT INTO `biartet_venezuela_municipios` (`id`, `estado_id`, `nombre`) VALUES (271, 19, 'Samuel Darío Maldonado');
INSERT INTO `biartet_venezuela_ciudades` (`id`, `municipio_id`, `nombre`) VALUES (966, 271, 'La Tendida');
INSERT INTO `biartet_venezuela_ciudades` (`id`, `municipio_id`, `nombre`) VALUES (967, 271, 'Samuel Darío Maldonado');
INSERT INTO `biartet_venezuela_ciudades` (`id`, `municipio_id`, `nombre`) VALUES (968, 271, 'Boconó');
INSERT INTO `biartet_venezuela_ciudades` (`id`, `municipio_id`, `nombre`) VALUES (969, 271, 'Hernández');
INSERT INTO `biartet_venezuela_municipios` (`id`, `estado_id`, `nombre`) VALUES (272, 19, 'San Cristóbal');
INSERT INTO `biartet_venezuela_ciudades` (`id`, `municipio_id`, `nombre`) VALUES (970, 272, 'San Cristóbal');
INSERT INTO `biartet_venezuela_ciudades` (`id`, `municipio_id`, `nombre`) VALUES (971, 272, 'La Concordia');
INSERT INTO `biartet_venezuela_ciudades` (`id`, `municipio_id`, `nombre`) VALUES (972, 272, 'San Juan Bautista');
INSERT INTO `biartet_venezuela_ciudades` (`id`, `municipio_id`, `nombre`) VALUES (973, 272, 'Pedro María Morantes');
INSERT INTO `biartet_venezuela_ciudades` (`id`, `municipio_id`, `nombre`) VALUES (974, 272, 'San Sebastián');
INSERT INTO `biartet_venezuela_ciudades` (`id`, `municipio_id`, `nombre`) VALUES (975, 272, 'Dr. Francisco Romero Lobo');
INSERT INTO `biartet_venezuela_municipios` (`id`, `estado_id`, `nombre`) VALUES (273, 19, 'Seboruco');
INSERT INTO `biartet_venezuela_ciudades` (`id`, `municipio_id`, `nombre`) VALUES (976, 273, 'Seboruco');
INSERT INTO `biartet_venezuela_municipios` (`id`, `estado_id`, `nombre`) VALUES (274, 19, 'Simón Rodríguez');
INSERT INTO `biartet_venezuela_ciudades` (`id`, `municipio_id`, `nombre`) VALUES (977, 274, 'San Simón');
INSERT INTO `biartet_venezuela_ciudades` (`id`, `municipio_id`, `nombre`) VALUES (978, 274, 'Simón Rodríguez');
INSERT INTO `biartet_venezuela_municipios` (`id`, `estado_id`, `nombre`) VALUES (275, 19, 'Sucre');
INSERT INTO `biartet_venezuela_ciudades` (`id`, `municipio_id`, `nombre`) VALUES (979, 275, 'Queniquea');
INSERT INTO `biartet_venezuela_ciudades` (`id`, `municipio_id`, `nombre`) VALUES (980, 275, 'Sucre');
INSERT INTO `biartet_venezuela_ciudades` (`id`, `municipio_id`, `nombre`) VALUES (981, 275, 'Eleazar López Contreras');
INSERT INTO `biartet_venezuela_ciudades` (`id`, `municipio_id`, `nombre`) VALUES (982, 275, 'San Pablo');
INSERT INTO `biartet_venezuela_municipios` (`id`, `estado_id`, `nombre`) VALUES (276, 19, 'Torbes');
INSERT INTO `biartet_venezuela_ciudades` (`id`, `municipio_id`, `nombre`) VALUES (983, 276, 'San Josecito');
INSERT INTO `biartet_venezuela_ciudades` (`id`, `municipio_id`, `nombre`) VALUES (984, 276, 'San José Obrero');
INSERT INTO `biartet_venezuela_ciudades` (`id`, `municipio_id`, `nombre`) VALUES (985, 276, 'San Juan Eudes');
INSERT INTO `biartet_venezuela_municipios` (`id`, `estado_id`, `nombre`) VALUES (277, 19, 'Uribante');
INSERT INTO `biartet_venezuela_ciudades` (`id`, `municipio_id`, `nombre`) VALUES (986, 277, 'Pregonero');
INSERT INTO `biartet_venezuela_ciudades` (`id`, `municipio_id`, `nombre`) VALUES (987, 277, 'Uribante');
INSERT INTO `biartet_venezuela_ciudades` (`id`, `municipio_id`, `nombre`) VALUES (988, 277, 'Cárdenas');
INSERT INTO `biartet_venezuela_ciudades` (`id`, `municipio_id`, `nombre`) VALUES (989, 277, 'Juan Pablo Peñalosa');
INSERT INTO `biartet_venezuela_ciudades` (`id`, `municipio_id`, `nombre`) VALUES (990, 277, 'Potosí');
INSERT INTO `biartet_venezuela_municipios` (`id`, `estado_id`, `nombre`) VALUES (278, 19, 'San Judas Tadeo');
INSERT INTO `biartet_venezuela_ciudades` (`id`, `municipio_id`, `nombre`) VALUES (991, 278, 'Umuquena');
INSERT INTO `biartet_venezuela_ciudades` (`id`, `municipio_id`, `nombre`) VALUES (992, 278, 'San Judas Tadeo');
INSERT INTO `biartet_venezuela_municipios` (`id`, `estado_id`, `nombre`) VALUES (279, 20, 'Andrés Bello');
INSERT INTO `biartet_venezuela_ciudades` (`id`, `municipio_id`, `nombre`) VALUES (993, 279, 'Santa Isabel');
INSERT INTO `biartet_venezuela_ciudades` (`id`, `municipio_id`, `nombre`) VALUES (994, 279, 'Araguaney');
INSERT INTO `biartet_venezuela_ciudades` (`id`, `municipio_id`, `nombre`) VALUES (995, 279, 'El Jaguito');
INSERT INTO `biartet_venezuela_ciudades` (`id`, `municipio_id`, `nombre`) VALUES (996, 279, 'La Esperanza');
INSERT INTO `biartet_venezuela_municipios` (`id`, `estado_id`, `nombre`) VALUES (280, 20, 'Boconó');
INSERT INTO `biartet_venezuela_ciudades` (`id`, `municipio_id`, `nombre`) VALUES (997, 280, 'Boconó');
INSERT INTO `biartet_venezuela_ciudades` (`id`, `municipio_id`, `nombre`) VALUES (998, 280, 'El Carmen');
INSERT INTO `biartet_venezuela_ciudades` (`id`, `municipio_id`, `nombre`) VALUES (999, 280, 'Mosquey');
INSERT INTO `biartet_venezuela_ciudades` (`id`, `municipio_id`, `nombre`) VALUES (1000, 280, 'Ayacucho');
INSERT INTO `biartet_venezuela_ciudades` (`id`, `municipio_id`, `nombre`) VALUES (1001, 280, 'Burbusay');
INSERT INTO `biartet_venezuela_ciudades` (`id`, `municipio_id`, `nombre`) VALUES (1002, 280, 'General Ribas');
INSERT INTO `biartet_venezuela_ciudades` (`id`, `municipio_id`, `nombre`) VALUES (1003, 280, 'Guaramacal');
INSERT INTO `biartet_venezuela_ciudades` (`id`, `municipio_id`, `nombre`) VALUES (1004, 280, 'Vega de Guaramacal');
INSERT INTO `biartet_venezuela_ciudades` (`id`, `municipio_id`, `nombre`) VALUES (1005, 280, 'Monseñor Jáuregui');
INSERT INTO `biartet_venezuela_ciudades` (`id`, `municipio_id`, `nombre`) VALUES (1006, 280, 'Rafael Rangel');
INSERT INTO `biartet_venezuela_ciudades` (`id`, `municipio_id`, `nombre`) VALUES (1007, 280, 'San Miguel');
INSERT INTO `biartet_venezuela_ciudades` (`id`, `municipio_id`, `nombre`) VALUES (1008, 280, 'San José');
INSERT INTO `biartet_venezuela_municipios` (`id`, `estado_id`, `nombre`) VALUES (281, 20, 'Bolívar');
INSERT INTO `biartet_venezuela_ciudades` (`id`, `municipio_id`, `nombre`) VALUES (1009, 281, 'Sabana Grande');
INSERT INTO `biartet_venezuela_ciudades` (`id`, `municipio_id`, `nombre`) VALUES (1010, 281, 'Cheregüé');
INSERT INTO `biartet_venezuela_ciudades` (`id`, `municipio_id`, `nombre`) VALUES (1011, 281, 'Granados');
INSERT INTO `biartet_venezuela_municipios` (`id`, `estado_id`, `nombre`) VALUES (282, 20, 'Candelaria');
INSERT INTO `biartet_venezuela_ciudades` (`id`, `municipio_id`, `nombre`) VALUES (1012, 282, 'Chejendé');
INSERT INTO `biartet_venezuela_ciudades` (`id`, `municipio_id`, `nombre`) VALUES (1013, 282, 'Arnoldo Gabaldón');
INSERT INTO `biartet_venezuela_ciudades` (`id`, `municipio_id`, `nombre`) VALUES (1014, 282, 'Bolivia');
INSERT INTO `biartet_venezuela_ciudades` (`id`, `municipio_id`, `nombre`) VALUES (1015, 282, 'Carrillo');
INSERT INTO `biartet_venezuela_ciudades` (`id`, `municipio_id`, `nombre`) VALUES (1016, 282, 'Cegarra');
INSERT INTO `biartet_venezuela_ciudades` (`id`, `municipio_id`, `nombre`) VALUES (1017, 282, 'Manuel Salvador Ulloa');
INSERT INTO `biartet_venezuela_ciudades` (`id`, `municipio_id`, `nombre`) VALUES (1018, 282, 'San José');
INSERT INTO `biartet_venezuela_municipios` (`id`, `estado_id`, `nombre`) VALUES (283, 20, 'Carache');
INSERT INTO `biartet_venezuela_ciudades` (`id`, `municipio_id`, `nombre`) VALUES (1019, 283, 'Carache');
INSERT INTO `biartet_venezuela_ciudades` (`id`, `municipio_id`, `nombre`) VALUES (1020, 283, 'La Concepción');
INSERT INTO `biartet_venezuela_ciudades` (`id`, `municipio_id`, `nombre`) VALUES (1021, 283, 'Cuicas');
INSERT INTO `biartet_venezuela_ciudades` (`id`, `municipio_id`, `nombre`) VALUES (1022, 283, 'Panamericana');
INSERT INTO `biartet_venezuela_ciudades` (`id`, `municipio_id`, `nombre`) VALUES (1023, 283, 'Santa Cruz');
INSERT INTO `biartet_venezuela_municipios` (`id`, `estado_id`, `nombre`) VALUES (284, 20, 'Escuque');
INSERT INTO `biartet_venezuela_ciudades` (`id`, `municipio_id`, `nombre`) VALUES (1024, 284, 'Escuque');
INSERT INTO `biartet_venezuela_ciudades` (`id`, `municipio_id`, `nombre`) VALUES (1025, 284, 'La Unión (El Alto Escuque)');
INSERT INTO `biartet_venezuela_ciudades` (`id`, `municipio_id`, `nombre`) VALUES (1026, 284, 'Santa Rita');
INSERT INTO `biartet_venezuela_ciudades` (`id`, `municipio_id`, `nombre`) VALUES (1027, 284, 'Sabana Libre');
INSERT INTO `biartet_venezuela_municipios` (`id`, `estado_id`, `nombre`) VALUES (285, 20, 'José Felipe Márquez Cañizalez');
INSERT INTO `biartet_venezuela_ciudades` (`id`, `municipio_id`, `nombre`) VALUES (1028, 285, 'El Paradero');
INSERT INTO `biartet_venezuela_ciudades` (`id`, `municipio_id`, `nombre`) VALUES (1029, 285, 'El Socorro');
INSERT INTO `biartet_venezuela_ciudades` (`id`, `municipio_id`, `nombre`) VALUES (1030, 285, 'Los Caprichos');
INSERT INTO `biartet_venezuela_ciudades` (`id`, `municipio_id`, `nombre`) VALUES (1031, 285, 'Antonio José de Sucre');
INSERT INTO `biartet_venezuela_municipios` (`id`, `estado_id`, `nombre`) VALUES (286, 20, 'Juan Vicente Campos Elías');
INSERT INTO `biartet_venezuela_ciudades` (`id`, `municipio_id`, `nombre`) VALUES (1032, 286, 'Campo Elías');
INSERT INTO `biartet_venezuela_ciudades` (`id`, `municipio_id`, `nombre`) VALUES (1033, 286, 'Arnoldo Gabaldón');
INSERT INTO `biartet_venezuela_municipios` (`id`, `estado_id`, `nombre`) VALUES (287, 20, 'La Ceiba');
INSERT INTO `biartet_venezuela_ciudades` (`id`, `municipio_id`, `nombre`) VALUES (1034, 287, 'Santa Apolonia');
INSERT INTO `biartet_venezuela_ciudades` (`id`, `municipio_id`, `nombre`) VALUES (1035, 287, 'El Progreso');
INSERT INTO `biartet_venezuela_ciudades` (`id`, `municipio_id`, `nombre`) VALUES (1036, 287, 'La Ceiba');
INSERT INTO `biartet_venezuela_ciudades` (`id`, `municipio_id`, `nombre`) VALUES (1037, 287, 'Tres de Febrero');
INSERT INTO `biartet_venezuela_municipios` (`id`, `estado_id`, `nombre`) VALUES (288, 20, 'Miranda');
INSERT INTO `biartet_venezuela_ciudades` (`id`, `municipio_id`, `nombre`) VALUES (1038, 288, 'El Dividive');
INSERT INTO `biartet_venezuela_ciudades` (`id`, `municipio_id`, `nombre`) VALUES (1039, 288, 'Agua Santa');
INSERT INTO `biartet_venezuela_ciudades` (`id`, `municipio_id`, `nombre`) VALUES (1040, 288, 'Agua Caliente');
INSERT INTO `biartet_venezuela_ciudades` (`id`, `municipio_id`, `nombre`) VALUES (1041, 288, 'El Cenizo');
INSERT INTO `biartet_venezuela_ciudades` (`id`, `municipio_id`, `nombre`) VALUES (1042, 288, 'Valerita');
INSERT INTO `biartet_venezuela_municipios` (`id`, `estado_id`, `nombre`) VALUES (289, 20, 'Monte Carmelo');
INSERT INTO `biartet_venezuela_ciudades` (`id`, `municipio_id`, `nombre`) VALUES (1043, 289, 'Monte Carmelo');
INSERT INTO `biartet_venezuela_ciudades` (`id`, `municipio_id`, `nombre`) VALUES (1044, 289, 'Buena Vista');
INSERT INTO `biartet_venezuela_ciudades` (`id`, `municipio_id`, `nombre`) VALUES (1045, 289, 'Santa María del Horcón');
INSERT INTO `biartet_venezuela_municipios` (`id`, `estado_id`, `nombre`) VALUES (290, 20, 'Motatán');
INSERT INTO `biartet_venezuela_ciudades` (`id`, `municipio_id`, `nombre`) VALUES (1046, 290, 'Motatán');
INSERT INTO `biartet_venezuela_ciudades` (`id`, `municipio_id`, `nombre`) VALUES (1047, 290, 'El Baño');
INSERT INTO `biartet_venezuela_ciudades` (`id`, `municipio_id`, `nombre`) VALUES (1048, 290, 'Jalisco');
INSERT INTO `biartet_venezuela_municipios` (`id`, `estado_id`, `nombre`) VALUES (291, 20, 'Pampán');
INSERT INTO `biartet_venezuela_ciudades` (`id`, `municipio_id`, `nombre`) VALUES (1049, 291, 'Pampán');
INSERT INTO `biartet_venezuela_ciudades` (`id`, `municipio_id`, `nombre`) VALUES (1050, 291, 'Flor de Patria');
INSERT INTO `biartet_venezuela_ciudades` (`id`, `municipio_id`, `nombre`) VALUES (1051, 291, 'La Paz');
INSERT INTO `biartet_venezuela_ciudades` (`id`, `municipio_id`, `nombre`) VALUES (1052, 291, 'Santa Ana');
INSERT INTO `biartet_venezuela_municipios` (`id`, `estado_id`, `nombre`) VALUES (292, 20, 'Pampanito');
INSERT INTO `biartet_venezuela_ciudades` (`id`, `municipio_id`, `nombre`) VALUES (1053, 292, 'Pampanito');
INSERT INTO `biartet_venezuela_ciudades` (`id`, `municipio_id`, `nombre`) VALUES (1054, 292, 'La Concepción');
INSERT INTO `biartet_venezuela_ciudades` (`id`, `municipio_id`, `nombre`) VALUES (1055, 292, 'Pampanito II');
INSERT INTO `biartet_venezuela_municipios` (`id`, `estado_id`, `nombre`) VALUES (293, 20, 'Rafael Rangel');
INSERT INTO `biartet_venezuela_ciudades` (`id`, `municipio_id`, `nombre`) VALUES (1056, 293, 'Betijoque');
INSERT INTO `biartet_venezuela_ciudades` (`id`, `municipio_id`, `nombre`) VALUES (1057, 293, 'José Gregorio Hernández');
INSERT INTO `biartet_venezuela_ciudades` (`id`, `municipio_id`, `nombre`) VALUES (1058, 293, 'La Pueblita');
INSERT INTO `biartet_venezuela_ciudades` (`id`, `municipio_id`, `nombre`) VALUES (1059, 293, 'Los Cedros');
INSERT INTO `biartet_venezuela_municipios` (`id`, `estado_id`, `nombre`) VALUES (294, 20, 'San Rafael de Carvajal');
INSERT INTO `biartet_venezuela_ciudades` (`id`, `municipio_id`, `nombre`) VALUES (1060, 294, 'Carvajal');
INSERT INTO `biartet_venezuela_ciudades` (`id`, `municipio_id`, `nombre`) VALUES (1061, 294, 'Campo Alegre');
INSERT INTO `biartet_venezuela_ciudades` (`id`, `municipio_id`, `nombre`) VALUES (1062, 294, 'Antonio Nicolás Briceño');
INSERT INTO `biartet_venezuela_ciudades` (`id`, `municipio_id`, `nombre`) VALUES (1063, 294, 'José Leonardo Suárez');
INSERT INTO `biartet_venezuela_municipios` (`id`, `estado_id`, `nombre`) VALUES (295, 20, 'Sucre');
INSERT INTO `biartet_venezuela_ciudades` (`id`, `municipio_id`, `nombre`) VALUES (1064, 295, 'Sabana de Mendoza');
INSERT INTO `biartet_venezuela_ciudades` (`id`, `municipio_id`, `nombre`) VALUES (1065, 295, 'Junín');
INSERT INTO `biartet_venezuela_ciudades` (`id`, `municipio_id`, `nombre`) VALUES (1066, 295, 'Valmore Rodríguez');
INSERT INTO `biartet_venezuela_ciudades` (`id`, `municipio_id`, `nombre`) VALUES (1067, 295, 'El Paraíso');
INSERT INTO `biartet_venezuela_municipios` (`id`, `estado_id`, `nombre`) VALUES (296, 20, 'Trujillo');
INSERT INTO `biartet_venezuela_ciudades` (`id`, `municipio_id`, `nombre`) VALUES (1068, 296, 'Trujillo');
INSERT INTO `biartet_venezuela_ciudades` (`id`, `municipio_id`, `nombre`) VALUES (1069, 296, 'Andrés Linares');
INSERT INTO `biartet_venezuela_ciudades` (`id`, `municipio_id`, `nombre`) VALUES (1070, 296, 'Chiquinquirá');
INSERT INTO `biartet_venezuela_ciudades` (`id`, `municipio_id`, `nombre`) VALUES (1071, 296, 'Cristóbal Mendoza');
INSERT INTO `biartet_venezuela_ciudades` (`id`, `municipio_id`, `nombre`) VALUES (1072, 296, 'Cruz Carrillo');
INSERT INTO `biartet_venezuela_ciudades` (`id`, `municipio_id`, `nombre`) VALUES (1073, 296, 'Matriz');
INSERT INTO `biartet_venezuela_ciudades` (`id`, `municipio_id`, `nombre`) VALUES (1074, 296, 'Monseñor Carrillo');
INSERT INTO `biartet_venezuela_ciudades` (`id`, `municipio_id`, `nombre`) VALUES (1075, 296, 'Tres Esquinas');
INSERT INTO `biartet_venezuela_municipios` (`id`, `estado_id`, `nombre`) VALUES (297, 20, 'Urdaneta');
INSERT INTO `biartet_venezuela_ciudades` (`id`, `municipio_id`, `nombre`) VALUES (1076, 297, 'La Quebrada');
INSERT INTO `biartet_venezuela_ciudades` (`id`, `municipio_id`, `nombre`) VALUES (1077, 297, 'Cabimbú');
INSERT INTO `biartet_venezuela_ciudades` (`id`, `municipio_id`, `nombre`) VALUES (1078, 297, 'Jajó');
INSERT INTO `biartet_venezuela_ciudades` (`id`, `municipio_id`, `nombre`) VALUES (1079, 297, 'La Mesa de Esnujaque');
INSERT INTO `biartet_venezuela_ciudades` (`id`, `municipio_id`, `nombre`) VALUES (1080, 297, 'Santiago');
INSERT INTO `biartet_venezuela_ciudades` (`id`, `municipio_id`, `nombre`) VALUES (1081, 297, 'Tuñame');
INSERT INTO `biartet_venezuela_municipios` (`id`, `estado_id`, `nombre`) VALUES (298, 20, 'Valera');
INSERT INTO `biartet_venezuela_ciudades` (`id`, `municipio_id`, `nombre`) VALUES (1082, 298, 'Valera');
INSERT INTO `biartet_venezuela_ciudades` (`id`, `municipio_id`, `nombre`) VALUES (1083, 298, 'Juan Ignacio Montilla');
INSERT INTO `biartet_venezuela_ciudades` (`id`, `municipio_id`, `nombre`) VALUES (1084, 298, 'La Beatriz');
INSERT INTO `biartet_venezuela_ciudades` (`id`, `municipio_id`, `nombre`) VALUES (1085, 298, 'La Puerta');
INSERT INTO `biartet_venezuela_ciudades` (`id`, `municipio_id`, `nombre`) VALUES (1086, 298, 'Mendoza del Valle de Momboy');
INSERT INTO `biartet_venezuela_ciudades` (`id`, `municipio_id`, `nombre`) VALUES (1087, 298, 'Mercedes Díaz');
INSERT INTO `biartet_venezuela_ciudades` (`id`, `municipio_id`, `nombre`) VALUES (1088, 298, 'San Luis');
INSERT INTO `biartet_venezuela_municipios` (`id`, `estado_id`, `nombre`) VALUES (299, 21, 'Vargas');
INSERT INTO `biartet_venezuela_ciudades` (`id`, `municipio_id`, `nombre`) VALUES (1089, 299, 'Vargas');
INSERT INTO `biartet_venezuela_ciudades` (`id`, `municipio_id`, `nombre`) VALUES (1090, 299, 'Caraballeda');
INSERT INTO `biartet_venezuela_ciudades` (`id`, `municipio_id`, `nombre`) VALUES (1091, 299, 'Carayaca');
INSERT INTO `biartet_venezuela_ciudades` (`id`, `municipio_id`, `nombre`) VALUES (1092, 299, 'Carlos Soublette');
INSERT INTO `biartet_venezuela_ciudades` (`id`, `municipio_id`, `nombre`) VALUES (1093, 299, 'Caruao Chuspa');
INSERT INTO `biartet_venezuela_ciudades` (`id`, `municipio_id`, `nombre`) VALUES (1094, 299, 'Catia La Mar');
INSERT INTO `biartet_venezuela_ciudades` (`id`, `municipio_id`, `nombre`) VALUES (1095, 299, 'El Junko');
INSERT INTO `biartet_venezuela_ciudades` (`id`, `municipio_id`, `nombre`) VALUES (1096, 299, 'La Guaira');
INSERT INTO `biartet_venezuela_ciudades` (`id`, `municipio_id`, `nombre`) VALUES (1097, 299, 'Macuto');
INSERT INTO `biartet_venezuela_ciudades` (`id`, `municipio_id`, `nombre`) VALUES (1098, 299, 'Maiquetía');
INSERT INTO `biartet_venezuela_ciudades` (`id`, `municipio_id`, `nombre`) VALUES (1099, 299, 'Naiguatá');
INSERT INTO `biartet_venezuela_ciudades` (`id`, `municipio_id`, `nombre`) VALUES (1100, 299, 'Urimare');
INSERT INTO `biartet_venezuela_municipios` (`id`, `estado_id`, `nombre`) VALUES (300, 22, 'Arístides Bastidas');
INSERT INTO `biartet_venezuela_ciudades` (`id`, `municipio_id`, `nombre`) VALUES (1101, 300, 'San Pablo');
INSERT INTO `biartet_venezuela_ciudades` (`id`, `municipio_id`, `nombre`) VALUES (1102, 300, 'Arístides Bastidas');
INSERT INTO `biartet_venezuela_municipios` (`id`, `estado_id`, `nombre`) VALUES (301, 22, 'Bolívar');
INSERT INTO `biartet_venezuela_ciudades` (`id`, `municipio_id`, `nombre`) VALUES (1103, 301, 'Aroa');
INSERT INTO `biartet_venezuela_ciudades` (`id`, `municipio_id`, `nombre`) VALUES (1104, 301, 'Bolívar');
INSERT INTO `biartet_venezuela_municipios` (`id`, `estado_id`, `nombre`) VALUES (302, 22, 'Bruzual');
INSERT INTO `biartet_venezuela_ciudades` (`id`, `municipio_id`, `nombre`) VALUES (1105, 302, 'Chivacoa');
INSERT INTO `biartet_venezuela_ciudades` (`id`, `municipio_id`, `nombre`) VALUES (1106, 302, 'Campo Elías');
INSERT INTO `biartet_venezuela_municipios` (`id`, `estado_id`, `nombre`) VALUES (303, 22, 'Cocorote');
INSERT INTO `biartet_venezuela_ciudades` (`id`, `municipio_id`, `nombre`) VALUES (1107, 303, 'Cocorote');
INSERT INTO `biartet_venezuela_municipios` (`id`, `estado_id`, `nombre`) VALUES (304, 22, 'Independencia');
INSERT INTO `biartet_venezuela_ciudades` (`id`, `municipio_id`, `nombre`) VALUES (1108, 304, 'Independencia');
INSERT INTO `biartet_venezuela_municipios` (`id`, `estado_id`, `nombre`) VALUES (305, 22, 'José Antonio Páez');
INSERT INTO `biartet_venezuela_ciudades` (`id`, `municipio_id`, `nombre`) VALUES (1109, 305, 'Sabana de Parra');
INSERT INTO `biartet_venezuela_ciudades` (`id`, `municipio_id`, `nombre`) VALUES (1110, 305, 'José Antonio Páez');
INSERT INTO `biartet_venezuela_municipios` (`id`, `estado_id`, `nombre`) VALUES (306, 22, 'La Trinidad');
INSERT INTO `biartet_venezuela_ciudades` (`id`, `municipio_id`, `nombre`) VALUES (1111, 306, 'Boraure');
INSERT INTO `biartet_venezuela_ciudades` (`id`, `municipio_id`, `nombre`) VALUES (1112, 306, 'La Trinidad');
INSERT INTO `biartet_venezuela_municipios` (`id`, `estado_id`, `nombre`) VALUES (307, 22, 'Manuel Monge');
INSERT INTO `biartet_venezuela_ciudades` (`id`, `municipio_id`, `nombre`) VALUES (1113, 307, 'Yumare');
INSERT INTO `biartet_venezuela_ciudades` (`id`, `municipio_id`, `nombre`) VALUES (1114, 307, 'Manuel Monge');
INSERT INTO `biartet_venezuela_municipios` (`id`, `estado_id`, `nombre`) VALUES (308, 22, 'Nirgua');
INSERT INTO `biartet_venezuela_ciudades` (`id`, `municipio_id`, `nombre`) VALUES (1115, 308, 'Nirgua');
INSERT INTO `biartet_venezuela_ciudades` (`id`, `municipio_id`, `nombre`) VALUES (1116, 308, 'Salóm');
INSERT INTO `biartet_venezuela_ciudades` (`id`, `municipio_id`, `nombre`) VALUES (1117, 308, 'Temerla');
INSERT INTO `biartet_venezuela_municipios` (`id`, `estado_id`, `nombre`) VALUES (309, 22, 'Peña');
INSERT INTO `biartet_venezuela_ciudades` (`id`, `municipio_id`, `nombre`) VALUES (1118, 309, 'Yaritagua');
INSERT INTO `biartet_venezuela_ciudades` (`id`, `municipio_id`, `nombre`) VALUES (1119, 309, 'San Andrés');
INSERT INTO `biartet_venezuela_municipios` (`id`, `estado_id`, `nombre`) VALUES (310, 22, 'San Felipe');
INSERT INTO `biartet_venezuela_ciudades` (`id`, `municipio_id`, `nombre`) VALUES (1120, 310, 'San Felipe');
INSERT INTO `biartet_venezuela_ciudades` (`id`, `municipio_id`, `nombre`) VALUES (1121, 310, 'San Javier');
INSERT INTO `biartet_venezuela_ciudades` (`id`, `municipio_id`, `nombre`) VALUES (1122, 310, 'Albarico');
INSERT INTO `biartet_venezuela_municipios` (`id`, `estado_id`, `nombre`) VALUES (311, 22, 'Sucre');
INSERT INTO `biartet_venezuela_ciudades` (`id`, `municipio_id`, `nombre`) VALUES (1123, 311, 'Guama');
INSERT INTO `biartet_venezuela_ciudades` (`id`, `municipio_id`, `nombre`) VALUES (1124, 311, 'Sucre');
INSERT INTO `biartet_venezuela_municipios` (`id`, `estado_id`, `nombre`) VALUES (312, 22, 'Urachiche');
INSERT INTO `biartet_venezuela_ciudades` (`id`, `municipio_id`, `nombre`) VALUES (1125, 312, 'Urachiche');
INSERT INTO `biartet_venezuela_municipios` (`id`, `estado_id`, `nombre`) VALUES (313, 22, 'Veroes');
INSERT INTO `biartet_venezuela_ciudades` (`id`, `municipio_id`, `nombre`) VALUES (1126, 313, 'Farriar');
INSERT INTO `biartet_venezuela_ciudades` (`id`, `municipio_id`, `nombre`) VALUES (1127, 313, 'El Guayabo');
INSERT INTO `biartet_venezuela_municipios` (`id`, `estado_id`, `nombre`) VALUES (314, 23, 'Almirante Padilla');
INSERT INTO `biartet_venezuela_ciudades` (`id`, `municipio_id`, `nombre`) VALUES (1128, 314, 'El Toro');
INSERT INTO `biartet_venezuela_ciudades` (`id`, `municipio_id`, `nombre`) VALUES (1129, 314, 'Isla de Toas');
INSERT INTO `biartet_venezuela_ciudades` (`id`, `municipio_id`, `nombre`) VALUES (1130, 314, 'Monagas');
INSERT INTO `biartet_venezuela_municipios` (`id`, `estado_id`, `nombre`) VALUES (315, 23, 'Baralt');
INSERT INTO `biartet_venezuela_ciudades` (`id`, `municipio_id`, `nombre`) VALUES (1131, 315, 'San Timoteo');
INSERT INTO `biartet_venezuela_ciudades` (`id`, `municipio_id`, `nombre`) VALUES (1132, 315, 'General Urdaneta');
INSERT INTO `biartet_venezuela_ciudades` (`id`, `municipio_id`, `nombre`) VALUES (1133, 315, 'Libertador');
INSERT INTO `biartet_venezuela_ciudades` (`id`, `municipio_id`, `nombre`) VALUES (1134, 315, 'Marcelino Briceño');
INSERT INTO `biartet_venezuela_ciudades` (`id`, `municipio_id`, `nombre`) VALUES (1135, 315, 'Pueblo Nuevo');
INSERT INTO `biartet_venezuela_ciudades` (`id`, `municipio_id`, `nombre`) VALUES (1136, 315, 'Manuel Guanipa Matos');
INSERT INTO `biartet_venezuela_municipios` (`id`, `estado_id`, `nombre`) VALUES (316, 23, 'Cabimas');
INSERT INTO `biartet_venezuela_ciudades` (`id`, `municipio_id`, `nombre`) VALUES (1137, 316, 'Cabimas');
INSERT INTO `biartet_venezuela_ciudades` (`id`, `municipio_id`, `nombre`) VALUES (1138, 316, 'Ambrosio');
INSERT INTO `biartet_venezuela_ciudades` (`id`, `municipio_id`, `nombre`) VALUES (1139, 316, 'Carmen Herrera');
INSERT INTO `biartet_venezuela_ciudades` (`id`, `municipio_id`, `nombre`) VALUES (1140, 316, 'La Rosa');
INSERT INTO `biartet_venezuela_ciudades` (`id`, `municipio_id`, `nombre`) VALUES (1141, 316, 'Germán Ríos Linares');
INSERT INTO `biartet_venezuela_ciudades` (`id`, `municipio_id`, `nombre`) VALUES (1142, 316, 'San Benito');
INSERT INTO `biartet_venezuela_ciudades` (`id`, `municipio_id`, `nombre`) VALUES (1143, 316, 'Rómulo Betancourt');
INSERT INTO `biartet_venezuela_ciudades` (`id`, `municipio_id`, `nombre`) VALUES (1144, 316, 'Jorge Hernández');
INSERT INTO `biartet_venezuela_ciudades` (`id`, `municipio_id`, `nombre`) VALUES (1145, 316, 'Punta Gorda');
INSERT INTO `biartet_venezuela_ciudades` (`id`, `municipio_id`, `nombre`) VALUES (1146, 316, 'Arístides Calvani');
INSERT INTO `biartet_venezuela_municipios` (`id`, `estado_id`, `nombre`) VALUES (317, 23, 'Catatumbo');
INSERT INTO `biartet_venezuela_ciudades` (`id`, `municipio_id`, `nombre`) VALUES (1147, 317, 'Encontrados');
INSERT INTO `biartet_venezuela_ciudades` (`id`, `municipio_id`, `nombre`) VALUES (1148, 317, 'Udón Pérez');
INSERT INTO `biartet_venezuela_municipios` (`id`, `estado_id`, `nombre`) VALUES (318, 23, 'Colón');
INSERT INTO `biartet_venezuela_ciudades` (`id`, `municipio_id`, `nombre`) VALUES (1149, 318, 'San Carlos del Zulia');
INSERT INTO `biartet_venezuela_ciudades` (`id`, `municipio_id`, `nombre`) VALUES (1150, 318, 'Moralito');
INSERT INTO `biartet_venezuela_ciudades` (`id`, `municipio_id`, `nombre`) VALUES (1151, 318, 'Santa Cruz del Zulia');
INSERT INTO `biartet_venezuela_ciudades` (`id`, `municipio_id`, `nombre`) VALUES (1152, 318, 'Santa Bárbara');
INSERT INTO `biartet_venezuela_ciudades` (`id`, `municipio_id`, `nombre`) VALUES (1153, 318, 'Urribarrí');
INSERT INTO `biartet_venezuela_municipios` (`id`, `estado_id`, `nombre`) VALUES (319, 23, 'Francisco Javier Pulgar');
INSERT INTO `biartet_venezuela_ciudades` (`id`, `municipio_id`, `nombre`) VALUES (1154, 319, 'Pueblo Nuevo - El Chivo');
INSERT INTO `biartet_venezuela_ciudades` (`id`, `municipio_id`, `nombre`) VALUES (1155, 319, 'Carlos Quevedo');
INSERT INTO `biartet_venezuela_ciudades` (`id`, `municipio_id`, `nombre`) VALUES (1156, 319, 'Francisco Javier Pulgar');
INSERT INTO `biartet_venezuela_ciudades` (`id`, `municipio_id`, `nombre`) VALUES (1157, 319, 'Simón Rodríguez');
INSERT INTO `biartet_venezuela_ciudades` (`id`, `municipio_id`, `nombre`) VALUES (1158, 319, 'Guamo-Gavilanes');
INSERT INTO `biartet_venezuela_municipios` (`id`, `estado_id`, `nombre`) VALUES (320, 23, 'Páez');
INSERT INTO `biartet_venezuela_ciudades` (`id`, `municipio_id`, `nombre`) VALUES (1159, 320, 'Sinamaica');
INSERT INTO `biartet_venezuela_ciudades` (`id`, `municipio_id`, `nombre`) VALUES (1160, 320, 'Alta Guajira');
INSERT INTO `biartet_venezuela_ciudades` (`id`, `municipio_id`, `nombre`) VALUES (1161, 320, 'Elías Sánchez Rubio');
INSERT INTO `biartet_venezuela_ciudades` (`id`, `municipio_id`, `nombre`) VALUES (1162, 320, 'Guajira');
INSERT INTO `biartet_venezuela_municipios` (`id`, `estado_id`, `nombre`) VALUES (321, 23, 'Jesús Enrique Lossada');
INSERT INTO `biartet_venezuela_ciudades` (`id`, `municipio_id`, `nombre`) VALUES (1163, 321, 'La Concepción');
INSERT INTO `biartet_venezuela_ciudades` (`id`, `municipio_id`, `nombre`) VALUES (1164, 321, 'San José');
INSERT INTO `biartet_venezuela_ciudades` (`id`, `municipio_id`, `nombre`) VALUES (1165, 321, 'Mariano Parra León');
INSERT INTO `biartet_venezuela_ciudades` (`id`, `municipio_id`, `nombre`) VALUES (1166, 321, 'José Ramón Yépez');
INSERT INTO `biartet_venezuela_municipios` (`id`, `estado_id`, `nombre`) VALUES (322, 23, 'Jesús María Semprún');
INSERT INTO `biartet_venezuela_ciudades` (`id`, `municipio_id`, `nombre`) VALUES (1167, 322, 'Casigua - El Cubo');
INSERT INTO `biartet_venezuela_ciudades` (`id`, `municipio_id`, `nombre`) VALUES (1168, 322, 'Jesús María Semprún');
INSERT INTO `biartet_venezuela_ciudades` (`id`, `municipio_id`, `nombre`) VALUES (1169, 322, 'Barí');
INSERT INTO `biartet_venezuela_municipios` (`id`, `estado_id`, `nombre`) VALUES (323, 23, 'La Cañada de Urdaneta');
INSERT INTO `biartet_venezuela_ciudades` (`id`, `municipio_id`, `nombre`) VALUES (1170, 323, 'La Concepción');
INSERT INTO `biartet_venezuela_ciudades` (`id`, `municipio_id`, `nombre`) VALUES (1171, 323, 'Concepción');
INSERT INTO `biartet_venezuela_ciudades` (`id`, `municipio_id`, `nombre`) VALUES (1172, 323, 'Andrés Bello');
INSERT INTO `biartet_venezuela_ciudades` (`id`, `municipio_id`, `nombre`) VALUES (1173, 323, 'Chiquinquirá');
INSERT INTO `biartet_venezuela_ciudades` (`id`, `municipio_id`, `nombre`) VALUES (1174, 323, 'El Carmelo');
INSERT INTO `biartet_venezuela_ciudades` (`id`, `municipio_id`, `nombre`) VALUES (1175, 323, 'Potreritos');
INSERT INTO `biartet_venezuela_municipios` (`id`, `estado_id`, `nombre`) VALUES (324, 23, 'Lagunillas');
INSERT INTO `biartet_venezuela_ciudades` (`id`, `municipio_id`, `nombre`) VALUES (1176, 324, 'Ciudad Ojeda');
INSERT INTO `biartet_venezuela_ciudades` (`id`, `municipio_id`, `nombre`) VALUES (1177, 324, 'Libertad');
INSERT INTO `biartet_venezuela_ciudades` (`id`, `municipio_id`, `nombre`) VALUES (1178, 324, 'Alonso de Ojeda');
INSERT INTO `biartet_venezuela_ciudades` (`id`, `municipio_id`, `nombre`) VALUES (1179, 324, 'Venezuela');
INSERT INTO `biartet_venezuela_ciudades` (`id`, `municipio_id`, `nombre`) VALUES (1180, 324, 'Eleazar López Contreras');
INSERT INTO `biartet_venezuela_ciudades` (`id`, `municipio_id`, `nombre`) VALUES (1181, 324, 'Campo Lara');
INSERT INTO `biartet_venezuela_ciudades` (`id`, `municipio_id`, `nombre`) VALUES (1182, 324, 'Lagunillas');
INSERT INTO `biartet_venezuela_municipios` (`id`, `estado_id`, `nombre`) VALUES (325, 23, 'Machiques de Perijá');
INSERT INTO `biartet_venezuela_ciudades` (`id`, `municipio_id`, `nombre`) VALUES (1183, 325, 'Machiques');
INSERT INTO `biartet_venezuela_ciudades` (`id`, `municipio_id`, `nombre`) VALUES (1184, 325, 'Bartolomé de las Casas');
INSERT INTO `biartet_venezuela_ciudades` (`id`, `municipio_id`, `nombre`) VALUES (1185, 325, 'Libertad');
INSERT INTO `biartet_venezuela_ciudades` (`id`, `municipio_id`, `nombre`) VALUES (1186, 325, 'Río Negro');
INSERT INTO `biartet_venezuela_ciudades` (`id`, `municipio_id`, `nombre`) VALUES (1187, 325, 'San José de Perijá');
INSERT INTO `biartet_venezuela_municipios` (`id`, `estado_id`, `nombre`) VALUES (326, 23, 'Mara');
INSERT INTO `biartet_venezuela_ciudades` (`id`, `municipio_id`, `nombre`) VALUES (1188, 326, 'San Rafael de El Moján');
INSERT INTO `biartet_venezuela_ciudades` (`id`, `municipio_id`, `nombre`) VALUES (1189, 326, 'San Rafael');
INSERT INTO `biartet_venezuela_ciudades` (`id`, `municipio_id`, `nombre`) VALUES (1190, 326, 'La Sierrita');
INSERT INTO `biartet_venezuela_ciudades` (`id`, `municipio_id`, `nombre`) VALUES (1191, 326, 'Las Parcelas');
INSERT INTO `biartet_venezuela_ciudades` (`id`, `municipio_id`, `nombre`) VALUES (1192, 326, 'Luis de Vicente');
INSERT INTO `biartet_venezuela_ciudades` (`id`, `municipio_id`, `nombre`) VALUES (1193, 326, 'Monseñor Marcos Sergio Godoy');
INSERT INTO `biartet_venezuela_ciudades` (`id`, `municipio_id`, `nombre`) VALUES (1194, 326, 'Ricaurte');
INSERT INTO `biartet_venezuela_ciudades` (`id`, `municipio_id`, `nombre`) VALUES (1195, 326, 'Tamare');
INSERT INTO `biartet_venezuela_municipios` (`id`, `estado_id`, `nombre`) VALUES (327, 23, 'Maracaibo');
INSERT INTO `biartet_venezuela_ciudades` (`id`, `municipio_id`, `nombre`) VALUES (1196, 327, 'Maracaibo');
INSERT INTO `biartet_venezuela_ciudades` (`id`, `municipio_id`, `nombre`) VALUES (1197, 327, 'Antonio Borjas Romero');
INSERT INTO `biartet_venezuela_ciudades` (`id`, `municipio_id`, `nombre`) VALUES (1198, 327, 'Bolívar');
INSERT INTO `biartet_venezuela_ciudades` (`id`, `municipio_id`, `nombre`) VALUES (1199, 327, 'Cacique Mara');
INSERT INTO `biartet_venezuela_ciudades` (`id`, `municipio_id`, `nombre`) VALUES (1200, 327, 'Carracciolo Parra Pérez');
INSERT INTO `biartet_venezuela_ciudades` (`id`, `municipio_id`, `nombre`) VALUES (1201, 327, 'Cecilio Acosta');
INSERT INTO `biartet_venezuela_ciudades` (`id`, `municipio_id`, `nombre`) VALUES (1202, 327, 'Cristo de Aranza');
INSERT INTO `biartet_venezuela_ciudades` (`id`, `municipio_id`, `nombre`) VALUES (1203, 327, 'Coquivacoa');
INSERT INTO `biartet_venezuela_ciudades` (`id`, `municipio_id`, `nombre`) VALUES (1204, 327, 'Chiquinquirá');
INSERT INTO `biartet_venezuela_ciudades` (`id`, `municipio_id`, `nombre`) VALUES (1205, 327, 'Francisco Eugenio Bustamante');
INSERT INTO `biartet_venezuela_ciudades` (`id`, `municipio_id`, `nombre`) VALUES (1206, 327, 'Idelfonzo Vásquez');
INSERT INTO `biartet_venezuela_ciudades` (`id`, `municipio_id`, `nombre`) VALUES (1207, 327, 'Juana de Ávila');
INSERT INTO `biartet_venezuela_ciudades` (`id`, `municipio_id`, `nombre`) VALUES (1208, 327, 'Luis Hurtado Higuera');
INSERT INTO `biartet_venezuela_ciudades` (`id`, `municipio_id`, `nombre`) VALUES (1209, 327, 'Manuel Dagnino');
INSERT INTO `biartet_venezuela_ciudades` (`id`, `municipio_id`, `nombre`) VALUES (1210, 327, 'Olegario Villalobos.');
INSERT INTO `biartet_venezuela_ciudades` (`id`, `municipio_id`, `nombre`) VALUES (1211, 327, 'Raúl Leoni');
INSERT INTO `biartet_venezuela_ciudades` (`id`, `municipio_id`, `nombre`) VALUES (1212, 327, 'Santa Lucía');
INSERT INTO `biartet_venezuela_ciudades` (`id`, `municipio_id`, `nombre`) VALUES (1213, 327, 'Venancio Pulgar');
INSERT INTO `biartet_venezuela_ciudades` (`id`, `municipio_id`, `nombre`) VALUES (1214, 327, 'San Isidro');
INSERT INTO `biartet_venezuela_municipios` (`id`, `estado_id`, `nombre`) VALUES (328, 23, 'Miranda');
INSERT INTO `biartet_venezuela_ciudades` (`id`, `municipio_id`, `nombre`) VALUES (1215, 328, 'Los Puertos de Altagracia');
INSERT INTO `biartet_venezuela_ciudades` (`id`, `municipio_id`, `nombre`) VALUES (1216, 328, 'Altagracia');
INSERT INTO `biartet_venezuela_ciudades` (`id`, `municipio_id`, `nombre`) VALUES (1217, 328, 'Faría');
INSERT INTO `biartet_venezuela_ciudades` (`id`, `municipio_id`, `nombre`) VALUES (1218, 328, 'Ana María Campos');
INSERT INTO `biartet_venezuela_ciudades` (`id`, `municipio_id`, `nombre`) VALUES (1219, 328, 'San Antonio');
INSERT INTO `biartet_venezuela_ciudades` (`id`, `municipio_id`, `nombre`) VALUES (1220, 328, 'San José');
INSERT INTO `biartet_venezuela_municipios` (`id`, `estado_id`, `nombre`) VALUES (329, 23, 'Rosario de Perijá');
INSERT INTO `biartet_venezuela_ciudades` (`id`, `municipio_id`, `nombre`) VALUES (1221, 329, 'La Villa del Rosario');
INSERT INTO `biartet_venezuela_ciudades` (`id`, `municipio_id`, `nombre`) VALUES (1222, 329, 'Donaldo García');
INSERT INTO `biartet_venezuela_ciudades` (`id`, `municipio_id`, `nombre`) VALUES (1223, 329, 'El Rosario');
INSERT INTO `biartet_venezuela_ciudades` (`id`, `municipio_id`, `nombre`) VALUES (1224, 329, 'Sixto Zambrano');
INSERT INTO `biartet_venezuela_municipios` (`id`, `estado_id`, `nombre`) VALUES (330, 23, 'San Francisco');
INSERT INTO `biartet_venezuela_ciudades` (`id`, `municipio_id`, `nombre`) VALUES (1225, 330, 'San Francisco');
INSERT INTO `biartet_venezuela_ciudades` (`id`, `municipio_id`, `nombre`) VALUES (1226, 330, 'El Bajo');
INSERT INTO `biartet_venezuela_ciudades` (`id`, `municipio_id`, `nombre`) VALUES (1227, 330, 'Domitila Flores');
INSERT INTO `biartet_venezuela_ciudades` (`id`, `municipio_id`, `nombre`) VALUES (1228, 330, 'Francisco Ochoa');
INSERT INTO `biartet_venezuela_ciudades` (`id`, `municipio_id`, `nombre`) VALUES (1229, 330, 'Los Cortijos');
INSERT INTO `biartet_venezuela_ciudades` (`id`, `municipio_id`, `nombre`) VALUES (1230, 330, 'Marcial Hernández');
INSERT INTO `biartet_venezuela_municipios` (`id`, `estado_id`, `nombre`) VALUES (331, 23, 'Santa Rita');
INSERT INTO `biartet_venezuela_ciudades` (`id`, `municipio_id`, `nombre`) VALUES (1231, 331, 'Santa Rita');
INSERT INTO `biartet_venezuela_ciudades` (`id`, `municipio_id`, `nombre`) VALUES (1232, 331, 'El Mene');
INSERT INTO `biartet_venezuela_ciudades` (`id`, `municipio_id`, `nombre`) VALUES (1233, 331, 'Pedro Lucas Urribarrí');
INSERT INTO `biartet_venezuela_ciudades` (`id`, `municipio_id`, `nombre`) VALUES (1234, 331, 'José Cenobio Urribarrí');
INSERT INTO `biartet_venezuela_municipios` (`id`, `estado_id`, `nombre`) VALUES (332, 23, 'Simón Bolívar');
INSERT INTO `biartet_venezuela_ciudades` (`id`, `municipio_id`, `nombre`) VALUES (1235, 332, 'Tía Juana');
INSERT INTO `biartet_venezuela_ciudades` (`id`, `municipio_id`, `nombre`) VALUES (1236, 332, 'Rafael Maria Baralt');
INSERT INTO `biartet_venezuela_ciudades` (`id`, `municipio_id`, `nombre`) VALUES (1237, 332, 'Manuel Manrique');
INSERT INTO `biartet_venezuela_ciudades` (`id`, `municipio_id`, `nombre`) VALUES (1238, 332, 'Rafael Urdaneta');
INSERT INTO `biartet_venezuela_municipios` (`id`, `estado_id`, `nombre`) VALUES (333, 23, 'Sucre');
INSERT INTO `biartet_venezuela_ciudades` (`id`, `municipio_id`, `nombre`) VALUES (1239, 333, 'Bobures');
INSERT INTO `biartet_venezuela_ciudades` (`id`, `municipio_id`, `nombre`) VALUES (1240, 333, 'Gibraltar');
INSERT INTO `biartet_venezuela_ciudades` (`id`, `municipio_id`, `nombre`) VALUES (1241, 333, 'Heras');
INSERT INTO `biartet_venezuela_ciudades` (`id`, `municipio_id`, `nombre`) VALUES (1242, 333, 'Monseñor Arturo Álvarez');
INSERT INTO `biartet_venezuela_ciudades` (`id`, `municipio_id`, `nombre`) VALUES (1243, 333, 'Rómulo Gallegos');
INSERT INTO `biartet_venezuela_ciudades` (`id`, `municipio_id`, `nombre`) VALUES (1244, 333, 'El Batey');
INSERT INTO `biartet_venezuela_municipios` (`id`, `estado_id`, `nombre`) VALUES (334, 23, 'Valmore Rodríguez');
INSERT INTO `biartet_venezuela_ciudades` (`id`, `municipio_id`, `nombre`) VALUES (1245, 334, 'Bachaquero');
INSERT INTO `biartet_venezuela_ciudades` (`id`, `municipio_id`, `nombre`) VALUES (1246, 334, 'Rafael Urdaneta');
INSERT INTO `biartet_venezuela_ciudades` (`id`, `municipio_id`, `nombre`) VALUES (1247, 334, 'La Victoria');
INSERT INTO `biartet_venezuela_ciudades` (`id`, `municipio_id`, `nombre`) VALUES (1248, 334, 'Raúl Cuenca');
INSERT INTO `biartet_venezuela_municipios` (`id`, `estado_id`, `nombre`) VALUES (335, 24, 'Libertador');
INSERT INTO `biartet_venezuela_ciudades` (`id`, `municipio_id`, `nombre`) VALUES (1249, 335, 'Caracas');
INSERT INTO `biartet_venezuela_ciudades` (`id`, `municipio_id`, `nombre`) VALUES (1250, 335, '23 de enero');
INSERT INTO `biartet_venezuela_ciudades` (`id`, `municipio_id`, `nombre`) VALUES (1251, 335, 'Altagracia');
INSERT INTO `biartet_venezuela_ciudades` (`id`, `municipio_id`, `nombre`) VALUES (1252, 335, 'Antímano');
INSERT INTO `biartet_venezuela_ciudades` (`id`, `municipio_id`, `nombre`) VALUES (1253, 335, 'Caricuao');
INSERT INTO `biartet_venezuela_ciudades` (`id`, `municipio_id`, `nombre`) VALUES (1254, 335, 'Catedral');
INSERT INTO `biartet_venezuela_ciudades` (`id`, `municipio_id`, `nombre`) VALUES (1255, 335, 'Coche');
INSERT INTO `biartet_venezuela_ciudades` (`id`, `municipio_id`, `nombre`) VALUES (1256, 335, 'El Junquito');
INSERT INTO `biartet_venezuela_ciudades` (`id`, `municipio_id`, `nombre`) VALUES (1257, 335, 'El Paraíso');
INSERT INTO `biartet_venezuela_ciudades` (`id`, `municipio_id`, `nombre`) VALUES (1258, 335, 'El Recreo');
INSERT INTO `biartet_venezuela_ciudades` (`id`, `municipio_id`, `nombre`) VALUES (1259, 335, 'El Valle');
INSERT INTO `biartet_venezuela_ciudades` (`id`, `municipio_id`, `nombre`) VALUES (1260, 335, 'Candelaria');
INSERT INTO `biartet_venezuela_ciudades` (`id`, `municipio_id`, `nombre`) VALUES (1261, 335, 'La Pastora');
INSERT INTO `biartet_venezuela_ciudades` (`id`, `municipio_id`, `nombre`) VALUES (1262, 335, 'La Vega');
INSERT INTO `biartet_venezuela_ciudades` (`id`, `municipio_id`, `nombre`) VALUES (1263, 335, 'Macarao');
INSERT INTO `biartet_venezuela_ciudades` (`id`, `municipio_id`, `nombre`) VALUES (1264, 335, 'San Agustín');
INSERT INTO `biartet_venezuela_ciudades` (`id`, `municipio_id`, `nombre`) VALUES (1265, 335, 'San Bernardino');
INSERT INTO `biartet_venezuela_ciudades` (`id`, `municipio_id`, `nombre`) VALUES (1266, 335, 'San José');
INSERT INTO `biartet_venezuela_ciudades` (`id`, `municipio_id`, `nombre`) VALUES (1267, 335, 'San Juan');
INSERT INTO `biartet_venezuela_ciudades` (`id`, `municipio_id`, `nombre`) VALUES (1268, 335, 'San Pedro');
INSERT INTO `biartet_venezuela_ciudades` (`id`, `municipio_id`, `nombre`) VALUES (1269, 335, 'Santa Rosalía');
INSERT INTO `biartet_venezuela_ciudades` (`id`, `municipio_id`, `nombre`) VALUES (1270, 335, 'Santa Teresa');
INSERT INTO `biartet_venezuela_ciudades` (`id`, `municipio_id`, `nombre`) VALUES (1271, 335, 'Sucre (Catia)');
